n_coeff,coeff_ratio,eta_total,eta_ac,eps_l2,rmse,snr_db,max_imag,strategy,basis,id
1,0.038461538461538464,0.9318336557762703,0.0,0.26108685187831654,66.63914126044088,11.664299966870988,0.0,lowpass,total,S0
3,0.11538461538461539,0.9356830452728686,0.056470528681487484,0.25360787591699835,64.73022653729731,11.916745267053763,0.0,lowpass,total,S0
5,0.19230769230769232,0.9685900723062435,0.539216485034527,0.17722846186139687,45.23533996593853,15.029330633543976,0.0,lowpass,total,S0
7,0.2692307692307692,0.9760631542767126,0.6488465679672671,0.1547153700292485,39.48915590489272,16.20933079294062,0.0,lowpass,total,S0
9,0.34615384615384615,0.9906374708963838,0.8626517351013087,0.09676016279242264,24.69681682673436,20.286068192769633,0.0,lowpass,total,S0
11,0.4230769230769231,0.9917470923160959,0.8789298769372613,0.09084551548592734,23.1871773541694,20.833930128326603,0.0,lowpass,total,S0
13,0.5,0.9937731333721647,0.9086518912119148,0.07891049757690823,20.140913864977318,22.0573043625636,0.0,lowpass,total,S0
15,0.5769230769230769,0.9948643527307696,0.9246600748842471,0.07166343048745506,18.291190969995835,22.894048124873898,0.0,lowpass,total,S0
17,0.6538461538461539,0.9953623766576749,0.931966083921064,0.0681000979611995,17.381695076706887,23.33704526718401,0.0,lowpass,total,S0
19,0.7307692307692307,0.9963975093247379,0.9471514760504354,0.060020752038457144,15.319543457947765,24.43397134646525,0.0,lowpass,total,S0
21,0.8076923076923077,0.9976954291645583,0.9661919549642,0.048005945834257276,12.252915008072184,26.374099384534823,0.0,lowpass,total,S0
23,0.8846153846153846,0.998128400911965,0.9725436487852087,0.043261982016951445,11.042077799375047,27.277871750963627,0.0,lowpass,total,S0
25,0.9615384615384616,0.998880895937219,0.9835827478277555,0.03345301276090093,8.538461538461533,29.511295276001043,0.0,lowpass,total,S0
26,1.0,1.0,0.9999999999999999,2.5070347851774846e-15,6.398891556291214e-13,292.01679280303887,0.0,lowpass,total,S0
2,0.07692307692307693,0.0038493894965982794,0.056470528681487484,0.9713544519476458,64.73022653729731,0.2524453001827741,0.0,lowpass,ac,S0
4,0.15384615384615385,0.03675641652997319,0.539216485034527,0.6788103674557953,45.23533996593853,3.365030666672988,0.0,lowpass,ac,S0
6,0.23076923076923078,0.04422949850044239,0.6488465679672671,0.5925820044793213,39.48915590489272,4.545030826069633,0.0,lowpass,ac,S0
8,0.3076923076923077,0.05880381512011354,0.8626517351013087,0.37060526830940976,24.696816826734356,8.62176822589865,0.0,lowpass,ac,S0
10,0.38461538461538464,0.05991343653982578,0.8789298769372613,0.3479513228351583,23.187177354169386,9.16963016145562,0.0,lowpass,ac,S0
12,0.46153846153846156,0.06193947759589443,0.9086518912119148,0.3022384965355728,20.14091386497731,10.393004395692614,0.0,lowpass,ac,S0
14,0.5384615384615384,0.06303069695449932,0.9246600748842471,0.27448119264487075,18.291190969995828,11.229748158002907,0.0,lowpass,ac,S0
16,0.6153846153846154,0.06352872088140465,0.931966083921064,0.26083311921405583,17.381695076706883,11.672745300313023,0.0,lowpass,ac,S0
18,0.6923076923076923,0.0645638535484677,0.9471514760504354,0.22988806830621522,15.319543457947757,12.769671379594264,0.0,lowpass,ac,S0
20,0.7692307692307693,0.06586177338828805,0.9661919549642,0.1838696414196727,12.252915008072184,14.709799417663838,0.0,lowpass,ac,S0
22,0.8461538461538461,0.06629474513569467,0.9725436487852087,0.1656995812148915,11.042077799375054,15.613571784092631,0.0,lowpass,ac,S0
24,0.9230769230769231,0.06704724016094875,0.9835827478277555,0.12812982545935409,8.538461538461533,17.846995309130055,0.0,lowpass,ac,S0
25,0.9615384615384616,0.06816634422372975,0.9999999999999999,9.47024510782607e-15,6.310890015114207e-13,280.47277560979984,0.0,lowpass,ac,S0
1,0.038461538461538464,0.9318336557762703,0.0,0.26108685187831654,66.63914126044088,11.664299966870988,0.0,magnitude,total,S0
3,0.11538461538461539,0.9647406828096452,0.4827459563530396,0.18777464469505709,47.92712073756568,14.52726102227631,0.0,magnitude,total,S0
5,0.19230769230769232,0.9793149994293163,0.696551123487081,0.14382280963283864,36.708966608793865,16.84344462786608,0.0,magnitude,total,S0
7,0.2692307692307692,0.9867880813997855,0.8061812064198213,0.11494311027727785,29.33778590371865,18.790341106986517,0.0,magnitude,total,S0
9,0.34615384615384615,0.9906374708963838,0.8626517351013087,0.09676016279242264,24.69681682673436,20.286068192769633,0.0,magnitude,total,S0
11,0.4230769230769231,0.9926635119524523,0.8923737493759621,0.08565330143985993,21.861929901909367,21.345117856659233,0.0,magnitude,total,S0
13,0.5,0.9939614317922728,0.9114142282897267,0.07770822483963455,19.834048842107084,22.190660238286437,0.0,magnitude,total,S0
14,0.5384615384615384,0.9950805358550537,0.9278314804619714,0.07013889181435787,17.9020716127297,23.080822003966674,0.0,magnitude,total,S0
16,0.6153846153846154,0.9961901572747661,0.9441096222979242,0.061723923443296476,15.754256577437706,24.190929521387787,0.0,magnitude,total,S0
18,0.6923076923076923,0.9972813766333709,0.9601178059702565,0.052140419701312224,13.30818755849799,25.656509546502882,0.0,magnitude,total,S0
20,0.7692307692307693,0.998316509300434,0.9753031980996281,0.04103036314201936,10.472485097267723,27.737892785264606,0.0,magnitude,total,S0
22,0.8461538461538461,0.9990690043256882,0.9863422971421747,0.030512221720352513,7.787861544020291,30.310523368777492,0.0,magnitude,total,S0
24,0.9230769230769231,0.9995670282525934,0.9936483061789911,0.020807973169115056,5.310973928347721,33.635404416275186,0.0,magnitude,total,S0
26,1.0,1.0,0.9999999999999999,2.5070347851774846e-15,6.398891556291214e-13,292.01679280303887,0.0,magnitude,total,S0
2,0.07692307692307693,0.03290702703337491,0.4827459563530396,0.7192037566969182,47.92712073756569,2.8629610554053206,0.0,magnitude,ac,S0
4,0.15384615384615385,0.04748134365304606,0.696551123487081,0.55086193961184,36.708966608793865,5.179144660995092,0.0,magnitude,ac,S0
6,0.23076923076923078,0.05495442562351527,0.8061812064198213,0.4402485588621245,29.33778590371864,7.126041140115532,0.0,magnitude,ac,S0
8,0.3076923076923077,0.05880381512011354,0.8626517351013087,0.37060526830940976,24.696816826734356,8.62176822589865,0.0,magnitude,ac,S0
10,0.38461538461538464,0.060829856176182175,0.8923737493759621,0.3280644001168619,21.861929901909363,9.680817889788248,0.0,magnitude,ac,S0
12,0.46153846153846156,0.06212777601600252,0.9114142282897267,0.2976336199260299,19.83404884210708,10.526360271415449,0.0,magnitude,ac,S0
13,0.5,0.06324688007878353,0.9278314804619714,0.26864199139008005,17.90207161272969,11.416522037095692,0.0,magnitude,ac,S0
15,0.5769230769230769,0.06435650149849578,0.9441096222979242,0.23641145848303297,15.754256577437689,12.526629554516806,0.0,magnitude,ac,S0
17,0.6538461538461539,0.06544772085710068,0.9601178059702565,0.19970526790683826,13.308187558497986,13.992209579631895,0.0,magnitude,ac,S0
19,0.7307692307692307,0.06648285352416373,0.9753031980996281,0.15715216161533166,10.472485097267722,16.073592818393617,0.0,magnitude,ac,S0
21,0.8076923076923077,0.06723534854941782,0.9863422971421747,0.11686617499441583,7.787861544020282,18.64622340190651,0.0,magnitude,ac,S0
23,0.8846153846153846,0.06773337247632313,0.9936483061789911,0.07969751452215176,5.31097392834771,21.971104449404216,0.0,magnitude,ac,S0
25,0.9615384615384616,0.06816634422372975,0.9999999999999999,9.47024510782607e-15,6.310890015114207e-13,280.47277560979984,0.0,magnitude,ac,S0
1,0.038461538461538464,1.4814845726055664e-33,0.0,1.0,0.7071067811865476,0.0,0.0,lowpass,total,S1
3,0.11538461538461539,2.1238933204016553e-31,2.1090784746755998e-31,1.0000000000000002,0.7071067811865476,-4.821637332766436e-16,0.0,lowpass,total,S1
5,0.19230769230769232,1.8601112885378024e-30,1.858629803965197e-30,1.0000000000000002,0.7071067811865476,-9.643274665532871e-16,0.0,lowpass,total,S1
7,0.2692307692307692,1.0,1.0,3.100880052457789e-15,2.1926533127389996e-15,290.1703006543777,0.0,lowpass,total,S1
9,0.34615384615384615,1.0,1.0,3.168730121027757e-15,2.240630556328796e-15,289.9822949570555,0.0,lowpass,total,S1
11,0.4230769230769231,1.0,1.0,3.128749315108877e-15,2.212359857346253e-15,290.09258464903735,0.0,lowpass,total,S1
13,0.5,1.0,1.0,3.1218806597754752e-15,2.2075029845823714e-15,290.1116740548865,0.0,lowpass,total,S1
15,0.5769230769230769,1.0,1.0,3.1653831577985306e-15,2.2382638959330283e-15,289.99147425482226,0.0,lowpass,total,S1
17,0.6538461538461539,1.0,1.0,3.46854798184623e-15,2.452633798834383e-15,289.1970458669856,0.0,lowpass,total,S1
19,0.7307692307692307,1.0,1.0,3.600118980327477e-15,2.5456685440679578e-15,288.87366291995534,0.0,lowpass,total,S1
21,0.8076923076923077,1.0,1.0,3.610995218189563e-15,2.5533592056140366e-15,288.847461733625,0.0,lowpass,total,S1
23,0.8846153846153846,1.0,1.0,3.733450321790763e-15,2.6399480397613465e-15,288.5577924625317,0.0,lowpass,total,S1
25,0.9615384615384616,1.0,1.0,3.6662724901168325e-15,2.5924461394393018e-15,288.71550519797114,0.0,lowpass,total,S1
26,1.0,1.0,1.0,3.6455348065518864e-15,2.5777823827644276e-15,288.76477501771956,0.0,lowpass,total,S1
2,0.07692307692307693,2.1090784746755998e-31,2.1090784746755998e-31,1.0,0.7071067811865476,-4.821637332766436e-16,0.0,lowpass,ac,S1
4,0.15384615384615385,1.858629803965197e-30,1.858629803965197e-30,1.0000000000000002,0.7071067811865476,-9.643274665532871e-16,0.0,lowpass,ac,S1
6,0.23076923076923078,1.0,1.0,3.085553773163557e-15,2.181815996719689e-15,290.2133376112456,0.0,lowpass,ac,S1
8,0.3076923076923077,1.0,1.0,3.17774068866721e-15,2.247001989808994e-15,289.9576309032759,0.0,lowpass,ac,S1
10,0.38461538461538464,1.0,1.0,3.138493121049824e-15,2.2192497686016628e-15,290.0655763779801,0.0,lowpass,ac,S1
12,0.46153846153846156,1.0,1.0,3.135664345190227e-15,2.217249522008884e-15,290.07340864445547,0.0,lowpass,ac,S1
14,0.5384615384615384,1.0,1.0,3.1789782269609352e-15,2.247877061528465e-15,289.9542489317524,0.0,lowpass,ac,S1
16,0.6153846153846154,1.0,1.0,3.4566408073530478e-15,2.4442141550054826e-15,289.22691494597143,0.0,lowpass,ac,S1
18,0.6923076923076923,1.0,1.0,3.588107544601011e-15,2.5371751764139874e-15,288.90269097071484,0.0,lowpass,ac,S1
20,0.7692307692307693,1.0,1.0,3.60448656605019e-15,2.548756893549902e-15,288.8631317751271,0.0,lowpass,ac,S1
22,0.8461538461538461,1.0,1.0,3.7277397721637454e-15,2.63591007139578e-15,288.5710882539252,0.0,lowpass,ac,S1
24,0.9230769230769231,1.0,1.0,3.658202118164129e-15,2.5867395247048473e-15,288.7346460626026,0.0,lowpass,ac,S1
25,0.9615384615384616,1.0,1.0,3.6371455293962386e-15,2.571850267998416e-15,288.7847864323053,0.0,lowpass,ac,S1
2,0.07692307692307693,1.0,1.0,3.0046858996851682e-15,2.1246337750029847e-15,290.444018421067,0.0,magnitude,total,S1
4,0.15384615384615385,1.0,1.0,3.1462414829091886e-15,2.2247286878155065e-15,290.04415894213696,0.0,magnitude,total,S1
6,0.23076923076923078,1.0,1.0,3.242732000818328e-15,2.292957787349261e-15,289.78177885185806,0.0,magnitude,total,S1
8,0.3076923076923077,1.0,1.0,3.262853782498791e-15,2.3071860356250715e-15,289.7280477542563,0.0,magnitude,total,S1
10,0.38461538461538464,1.0,1.0,3.305823232833159e-15,2.3375700253403618e-15,289.6144074500015,0.0,magnitude,total,S1
12,0.46153846153846156,1.0,1.0,3.5891272317112654e-15,2.5378962040843364e-15,288.90022291998486,0.0,magnitude,total,S1
14,0.5384615384615384,1.0,1.0,3.697943224016936e-15,2.6148407301452198e-15,288.6407952204079,0.0,magnitude,total,S1
16,0.6153846153846154,1.0,1.0,3.634199407722032e-15,2.5697670453843836e-15,288.79182493463026,0.0,magnitude,total,S1
17,0.6538461538461539,1.0,1.0,3.628169325034452e-15,2.56550313302488e-15,288.8062490562073,0.0,magnitude,total,S1
19,0.7307692307692307,1.0,1.0,3.6922198882927984e-15,2.6107937206436747e-15,288.65424885374307,0.0,magnitude,total,S1
21,0.8076923076923077,1.0,1.0,3.649555783971371e-15,2.5806256431647434e-15,288.7551998742156,0.0,magnitude,total,S1
23,0.8846153846153846,1.0,1.0,3.639446163591033e-15,2.5734770620385845e-15,288.77929401051705,0.0,magnitude,total,S1
25,0.9615384615384616,1.0,1.0,3.634627415938206e-15,2.5700696928964437e-15,288.79080203720144,0.0,magnitude,total,S1
26,1.0,1.0,1.0,3.6455348065518864e-15,2.5777823827644276e-15,288.76477501771956,0.0,magnitude,total,S1
2,0.07692307692307693,1.0,1.0,3.008470202412198e-15,2.12730968112333e-15,290.4330857129765,0.0,magnitude,ac,S1
4,0.15384615384615385,1.0,1.0,3.1498557223806034e-15,2.227284341054576e-15,290.0341867680745,0.0,magnitude,ac,S1
6,0.23076923076923078,1.0,1.0,3.2457185101824403e-15,2.2950695683727016e-15,289.77378295436984,0.0,magnitude,ac,S1
8,0.3076923076923077,1.0,1.0,3.265259337699884e-15,2.308887020020283e-15,289.7216463982884,0.0,magnitude,ac,S1
10,0.38461538461538464,1.0,1.0,3.308197542954335e-15,2.339248916127685e-15,289.60817130492,0.0,magnitude,ac,S1
12,0.46153846153846156,1.0,1.0,3.591924723072005e-15,2.539874329195827e-15,288.8934554707016,0.0,magnitude,ac,S1
14,0.5384615384615384,1.0,1.0,3.7006584574717654e-15,2.616760690133634e-15,288.634419902421,0.0,magnitude,ac,S1
16,0.6153846153846154,1.0,1.0,3.6367504068792226e-15,2.571570874187234e-15,288.7857300780791,0.0,magnitude,ac,S1
17,0.6538461538461539,1.0,1.0,3.630724561016709e-15,2.5673099577154654e-15,288.80013393756633,0.0,magnitude,ac,S1
19,0.7307692307692307,1.0,1.0,3.6947348375824426e-15,2.6125720583407224e-15,288.648334488858,0.0,magnitude,ac,S1
21,0.8076923076923077,1.0,1.0,3.652096056673196e-15,2.582421887218267e-15,288.74915616528216,0.0,magnitude,ac,S1
23,0.8846153846153846,1.0,1.0,3.64195280963551e-15,2.575249528454669e-15,288.7733137169377,0.0,magnitude,ac,S1
25,0.9615384615384616,1.0,1.0,3.6371455293962386e-15,2.571850267998416e-15,288.7847864323053,0.0,magnitude,ac,S1
1,0.038461538461538464,1.485880669260181e-35,0.0,1.0,0.7060599904109931,0.0,0.0,lowpass,total,S2
3,0.11538461538461539,0.009521880608902501,0.009521880608902501,0.995227672138942,0.7026904406471763,0.04155113999908998,0.0,lowpass,total,S2
5,0.19230769230769232,0.04138522205332379,0.04138522205332379,0.9790887487591082,0.6912953925603671,0.18355880235504204,0.0,lowpass,total,S2
7,0.2692307692307692,0.40524592805717113,0.40524592805717113,0.7712030030691198,0.5445155849519117,2.2566257591323104,0.0,lowpass,total,S2
9,0.34615384615384615,0.856023072211386,0.856023072211386,0.37944291769463023,0.2679094628289898,8.417070977443855,0.0,lowpass,total,S2
11,0.4230769230769231,0.9164680228724431,0.9164680228724431,0.28901899094619576,0.20406474597606586,10.781472391086133,0.0,lowpass,total,S2
13,0.5,0.942268573542845,0.942268573542845,0.2402736491110817,0.16964761038738468,12.38587711602051,0.0,lowpass,total,S2
15,0.5769230769230769,0.957726631358133,0.957726631358133,0.20560488477141486,0.1451693829701585,13.739331431271609,0.0,lowpass,total,S2
17,0.6538461538461539,0.9686706299143527,0.9686706299143527,0.1770010454365944,0.12497335644369759,15.040483370390614,0.0,lowpass,total,S2
19,0.7307692307692307,0.977257109199118,0.977257109199118,0.1508074626829921,0.10647911565585957,16.431543338840534,0.0,lowpass,total,S2
21,0.8076923076923077,0.9845014433082975,0.9845014433082975,0.12449319937933362,0.08789966716000613,18.097087437661493,0.0,lowpass,total,S2
23,0.8846153846153846,0.9909706300105069,0.9909706300105069,0.09502299716117815,0.06709193646444526,20.443425508638757,0.0,lowpass,total,S2
25,0.9615384615384616,0.997032640949555,0.9970326409495549,0.05447347107028404,0.038461538461538256,25.276299008713433,0.0,lowpass,total,S2
26,1.0,1.0,1.0,2.9547142752994373e-15,2.086205532885145e-15,290.58969019183303,0.0,lowpass,total,S2
2,0.07692307692307693,0.009521880608902501,0.009521880608902501,0.995227672138942,0.7026904406471763,0.04155113999908998,0.0,lowpass,ac,S2
4,0.15384615384615385,0.04138522205332379,0.04138522205332379,0.9790887487591082,0.6912953925603671,0.18355880235504204,0.0,lowpass,ac,S2
6,0.23076923076923078,0.40524592805717113,0.40524592805717113,0.7712030030691198,0.5445155849519117,2.2566257591323104,0.0,lowpass,ac,S2
8,0.3076923076923077,0.856023072211386,0.856023072211386,0.37944291769463023,0.2679094628289898,8.417070977443855,0.0,lowpass,ac,S2
10,0.38461538461538464,0.9164680228724431,0.9164680228724431,0.28901899094619576,0.20406474597606586,10.781472391086133,0.0,lowpass,ac,S2
12,0.46153846153846156,0.942268573542845,0.942268573542845,0.24027364911108173,0.16964761038738468,12.385877116020508,0.0,lowpass,ac,S2
14,0.5384615384615384,0.957726631358133,0.957726631358133,0.2056048847714149,0.14516938297015852,13.739331431271607,0.0,lowpass,ac,S2
16,0.6153846153846154,0.9686706299143527,0.9686706299143527,0.1770010454365944,0.12497335644369759,15.040483370390614,0.0,lowpass,ac,S2
18,0.6923076923076923,0.977257109199118,0.977257109199118,0.1508074626829921,0.10647911565585957,16.431543338840534,0.0,lowpass,ac,S2
20,0.7692307692307693,0.9845014433082975,0.9845014433082975,0.12449319937933362,0.08789966716000615,18.09708743766149,0.0,lowpass,ac,S2
22,0.8461538461538461,0.9909706300105069,0.9909706300105069,0.09502299716117815,0.06709193646444526,20.443425508638757,0.0,lowpass,ac,S2
24,0.9230769230769231,0.9970326409495549,0.9970326409495549,0.05447347107028404,0.038461538461538256,25.276299008713433,0.0,lowpass,ac,S2
25,0.9615384615384616,1.0,1.0,2.9544659655337685e-15,2.086030211294378e-15,290.5904201716725,0.0,lowpass,ac,S2
2,0.07692307692307693,0.4507771441542149,0.4507771441542149,0.7410957130126884,0.5232580320233667,2.6025139794445478,0.0,magnitude,total,S2
4,0.15384615384615385,0.8146378501580621,0.8146378501580621,0.4305370481641943,0.30398498409838826,7.319789422140016,0.0,magnitude,total,S2
6,0.23076923076923078,0.8750828008191192,0.8750828008191192,0.3534362731538473,0.2495472116339025,9.033777618251612,0.0,magnitude,total,S2
8,0.3076923076923077,0.9069461422635406,0.9069461422635406,0.30504730409636416,0.21538169660517814,10.312656176011544,0.0,magnitude,total,S2
10,0.38461538461538464,0.9327466929339424,0.9327466929339424,0.25933242578986865,0.1831042500664542,11.722863551139968,0.0,magnitude,total,S2
12,0.46153846153846156,0.9482047507492307,0.9482047507492307,0.2275856964986361,0.1606891546875062,12.857100726639201,0.0,magnitude,total,S2
14,0.5384615384615384,0.9591487493054502,0.9591487493054502,0.20211692332546002,0.14270667294507372,13.887946426462124,0.0,magnitude,total,S2
16,0.6153846153846154,0.9686706299143527,0.9686706299143527,0.1770010454365944,0.12497335644369759,15.040483370390614,0.0,magnitude,total,S2
18,0.6923076923076923,0.977257109199118,0.977257109199118,0.1508074626829921,0.10647911565585957,16.431543338840534,0.0,magnitude,total,S2
20,0.7692307692307693,0.9845014433082975,0.9845014433082975,0.12449319937933362,0.08789966716000615,18.09708743766149,0.0,magnitude,total,S2
22,0.8461538461538461,0.9909706300105069,0.9909706300105069,0.09502299716117815,0.06709193646444526,20.443425508638757,0.0,magnitude,total,S2
24,0.9230769230769231,0.9970326409495549,0.9970326409495549,0.05447347107028404,0.038461538461538256,25.276299008713433,0.0,magnitude,total,S2
25,0.9615384615384616,1.0,1.0,2.9547142752994373e-15,2.086205532885145e-15,290.58969019183303,0.0,magnitude,total,S2
26,1.0,1.0,1.0,2.9547142752994373e-15,2.086205532885145e-15,290.58969019183303,0.0,magnitude,total,S2
2,0.07692307692307693,0.4507771441542149,0.4507771441542149,0.7410957130126884,0.5232580320233667,2.6025139794445478,0.0,magnitude,ac,S2
4,0.15384615384615385,0.8146378501580621,0.8146378501580621,0.4305370481641943,0.30398498409838826,7.319789422140016,0.0,magnitude,ac,S2
6,0.23076923076923078,0.8750828008191192,0.8750828008191192,0.3534362731538473,0.2495472116339025,9.033777618251612,0.0,magnitude,ac,S2
8,0.3076923076923077,0.9069461422635406,0.9069461422635406,0.30504730409636416,0.21538169660517814,10.312656176011544,0.0,magnitude,ac,S2
10,0.38461538461538464,0.9327466929339424,0.9327466929339424,0.25933242578986865,0.1831042500664542,11.722863551139968,0.0,magnitude,ac,S2
12,0.46153846153846156,0.9482047507492307,0.9482047507492307,0.2275856964986361,0.1606891546875062,12.857100726639201,0.0,magnitude,ac,S2
14,0.5384615384615384,0.9591487493054502,0.9591487493054502,0.20211692332546002,0.14270667294507372,13.887946426462124,0.0,magnitude,ac,S2
16,0.6153846153846154,0.9686706299143527,0.9686706299143527,0.1770010454365944,0.12497335644369759,15.040483370390614,0.0,magnitude,ac,S2
18,0.6923076923076923,0.977257109199118,0.977257109199118,0.1508074626829921,0.10647911565585957,16.431543338840534,0.0,magnitude,ac,S2
20,0.7692307692307693,0.9845014433082975,0.9845014433082975,0.12449319937933362,0.08789966716000615,18.09708743766149,0.0,magnitude,ac,S2
22,0.8461538461538461,0.9909706300105069,0.9909706300105069,0.09502299716117815,0.06709193646444526,20.443425508638757,0.0,magnitude,ac,S2
24,0.9230769230769231,0.9970326409495549,0.9970326409495549,0.05447347107028404,0.038461538461538256,25.276299008713433,0.0,magnitude,ac,S2
25,0.9615384615384616,1.0,1.0,2.9544659655337685e-15,2.086030211294378e-15,290.5904201716725,0.0,magnitude,ac,S2
1,0.038461538461538464,0.9411764705882354,0.0,0.24253562503633297,0.8514693182963199,12.30448921378274,0.0,lowpass,total,S3
3,0.11538461538461539,0.9411764705882354,2.927168304228994e-29,0.24253562503633297,0.8514693182963199,12.30448921378274,0.0,lowpass,total,S3
5,0.19230769230769232,0.9817444219066939,0.689655172413793,0.13511320473331342,0.47434164902525666,17.386044098379056,0.0,lowpass,total,S3
7,0.2692307692307692,0.9817444219066939,0.689655172413793,0.13511320473331348,0.4743416490252568,17.386044098379053,0.0,lowpass,total,S3
9,0.34615384615384615,0.9817444219066939,0.689655172413793,0.13511320473331345,0.4743416490252567,17.386044098379053,0.0,lowpass,total,S3
11,0.4230769230769231,0.9963488843813387,0.937931034482757,0.06042446208830725,0.21213203435596487,24.37574414173921,0.0,lowpass,total,S3
13,0.5,0.9963488843813387,0.937931034482757,0.06042446208830726,0.2121320343559649,24.37574414173921,0.0,lowpass,total,S3
15,0.5769230769230769,0.9963488843813387,0.937931034482757,0.06042446208830725,0.2121320343559649,24.37574414173921,0.0,lowpass,total,S3
17,0.6538461538461539,0.9963488843813387,0.937931034482757,0.060424462088307235,0.21213203435596487,24.375744141739215,0.0,lowpass,total,S3
19,0.7307692307692307,1.0000000000000002,1.0,2.1960250856294605e-15,7.709580736200804e-15,293.1672540632347,0.0,lowpass,total,S3
21,0.8076923076923077,1.0000000000000002,1.0,2.2587457502081696e-15,7.929774043901172e-15,292.92265303095894,0.0,lowpass,total,S3
23,0.8846153846153846,1.0000000000000002,1.0,2.323349999243301e-15,8.15658004766556e-15,292.6777072263776,0.0,lowpass,total,S3
25,0.9615384615384616,1.0000000000000002,1.0,2.4974796586467235e-15,8.767896683583238e-15,292.0499608061714,0.0,lowpass,total,S3
26,1.0,1.0,1.0,2.4779359089154205e-15,8.699284481733826e-15,292.11819861427847,0.0,lowpass,total,S3
2,0.07692307692307693,1.721863708369997e-30,2.927168304228994e-29,0.9999999999999998,0.85146931829632,0.0,0.0,lowpass,ac,S3
4,0.15384615384615385,0.04056795131845843,0.689655172413793,0.5570860145311554,0.4743416490252567,5.081554884596314,0.0,lowpass,ac,S3
6,0.23076923076923078,0.04056795131845843,0.689655172413793,0.5570860145311554,0.4743416490252567,5.081554884596314,0.0,lowpass,ac,S3
8,0.3076923076923077,0.04056795131845843,0.689655172413793,0.5570860145311554,0.4743416490252567,5.081554884596315,0.0,lowpass,ac,S3
10,0.38461538461538464,0.05517241379310337,0.937931034482757,0.24913643956122059,0.21213203435596484,12.071254927956476,0.0,lowpass,ac,S3
12,0.46153846153846156,0.05517241379310337,0.937931034482757,0.24913643956122059,0.21213203435596484,12.071254927956476,0.0,lowpass,ac,S3
14,0.5384615384615384,0.05517241379310337,0.937931034482757,0.24913643956122059,0.21213203435596487,12.071254927956474,0.0,lowpass,ac,S3
16,0.6153846153846154,0.05517241379310337,0.937931034482757,0.24913643956122059,0.21213203435596487,12.071254927956476,0.0,lowpass,ac,S3
18,0.6923076923076923,0.05882352941176472,1.0,8.970928175817092e-15,7.63847009834823e-15,280.9432524082788,0.0,lowpass,ac,S3
20,0.7692307692307693,0.05882352941176472,1.0,9.277116727342526e-15,7.899180255585729e-15,280.6517395790092,0.0,lowpass,ac,S3
22,0.8461538461538461,0.05882352941176472,1.0,9.542025131835537e-15,8.124741634170358e-15,280.4071888785703,0.0,lowpass,ac,S3
24,0.9230769230769231,0.05882352941176472,1.0,1.0120997189041265e-14,8.617718577031937e-15,279.8955339152156,0.0,lowpass,ac,S3
25,0.9615384615384616,0.05882352941176472,1.0,1.0143159689461431e-14,8.636589266156438e-15,279.8765347423746,0.0,lowpass,ac,S3
1,0.038461538461538464,0.9411764705882354,0.0,0.24253562503633297,0.8514693182963199,12.30448921378274,0.0,magnitude,total,S3
3,0.11538461538461539,0.9817444219066939,0.689655172413793,0.13511320473331345,0.47434164902525666,17.386044098379053,0.0,magnitude,total,S3
5,0.19230769230769232,0.9963488843813387,0.937931034482757,0.06042446208830725,0.2121320343559649,24.37574414173921,0.0,magnitude,total,S3
7,0.2692307692307692,1.0000000000000002,1.0,1.0994828615603848e-15,3.859952213086487e-15,299.17623071829235,0.0,magnitude,total,S3
9,0.34615384615384615,1.0,1.0,1.5518826584944436e-15,5.448191246569223e-15,296.1828223973162,0.0,magnitude,total,S3
11,0.4230769230769231,1.0,1.0000000000000002,1.733893295105425e-15,6.087175612905572e-15,295.2195526559138,0.0,magnitude,total,S3
13,0.5,1.0,1.0,1.8778780869141146e-15,6.592662724368133e-15,294.5266521167878,0.0,magnitude,total,S3
15,0.5769230769230769,1.0000000000000002,1.0,2.0082148174276436e-15,7.05023561520716e-15,293.9437966569003,0.0,magnitude,total,S3
17,0.6538461538461539,1.0000000000000002,1.0,2.1927998626655757e-15,7.69825795259736e-15,293.1800200933659,0.0,magnitude,total,S3
19,0.7307692307692307,1.0000000000000002,1.0,2.2825968586456503e-15,8.013508081071301e-15,292.8314156950818,0.0,magnitude,total,S3
21,0.8076923076923077,1.0000000000000002,1.0,2.3405045174030214e-15,8.216804379167254e-15,292.61381032609665,0.0,magnitude,total,S3
23,0.8846153846153846,1.0000000000000002,1.0,2.4287686125752377e-15,8.52667295593848e-15,292.29227716432086,0.0,magnitude,total,S3
25,0.9615384615384616,1.0000000000000002,1.0,2.4974796586467235e-15,8.767896683583238e-15,292.0499608061714,0.0,magnitude,total,S3
26,1.0,1.0,1.0,2.4779359089154205e-15,8.699284481733826e-15,292.11819861427847,0.0,magnitude,total,S3
2,0.07692307692307693,0.04056795131845843,0.689655172413793,0.5570860145311555,0.4743416490252567,5.081554884596314,0.0,magnitude,ac,S3
4,0.15384615384615385,0.05517241379310337,0.937931034482757,0.24913643956122064,0.21213203435596487,12.071254927956476,0.0,magnitude,ac,S3
6,0.23076923076923078,0.05882352941176472,1.0,4.5586090995711684e-15,3.8815157823912646e-15,286.82335293849076,0.0,magnitude,ac,S3
8,0.3076923076923077,0.05882352941176472,1.0,6.3402126051915576e-15,5.398496504796192e-15,283.9579235751306,0.0,magnitude,ac,S3
10,0.38461538461538464,0.05882352941176473,1.0000000000000002,7.16166499199341e-15,6.097938008599249e-15,282.8997199650903,0.0,magnitude,ac,S3
12,0.46153846153846156,0.05882352941176472,1.0,7.741702592089956e-15,6.59182222853969e-15,282.22327033405645,0.0,magnitude,ac,S3
14,0.5384615384615384,0.05882352941176472,1.0,8.249497618699462e-15,7.024194113681146e-15,281.67144996977714,0.0,magnitude,ac,S3
16,0.6153846153846154,0.05882352941176472,1.0,8.919284570714305e-15,7.594497153116995e-15,280.9933995928627,0.0,magnitude,ac,S3
18,0.6923076923076923,0.05882352941176472,1.0,9.29470805786661e-15,7.914158733794995e-15,280.6352849330084,0.0,magnitude,ac,S3
20,0.7692307692307693,0.05882352941176472,1.0,9.568895276929883e-15,8.147620738296364e-15,280.38276396719493,0.0,magnitude,ac,S3
22,0.8461538461538461,0.05882352941176472,1.0,9.85514281691466e-15,8.3913517360312e-15,280.1267415542285,0.0,magnitude,ac,S3
24,0.9230769230769231,0.05882352941176472,1.0,1.0120997189041265e-14,8.617718577031937e-15,279.8955339152156,0.0,magnitude,ac,S3
25,0.9615384615384616,0.05882352941176472,1.0,1.0143159689461431e-14,8.636589266156438e-15,279.8765347423746,0.0,magnitude,ac,S3
1,0.038461538461538464,1.1984119601733977e-33,0.0,1.0,1.1006735677527357,0.0,0.0,lowpass,total,S4
3,0.11538461538461539,0.041013289112292836,0.041013289112292836,0.9792786686575518,1.0778661460554568,0.18187411002565132,0.0,lowpass,total,S4
5,0.19230769230769232,0.12630041564022987,0.12630041564022987,0.934718986840307,1.028820482091743,0.5863787089268127,0.0,lowpass,total,S4
7,0.2692307692307692,0.3969201797640949,0.3969201797640949,0.776582140044377,0.8547634347356989,2.1962520329296282,0.0,lowpass,total,S4
9,0.34615384615384615,0.45458490616137937,0.4545849061613794,0.7385222365227874,0.8128719049382662,2.6327284754562004,0.0,lowpass,total,S4
11,0.4230769230769231,0.6160240311995487,0.6160240311995486,0.6196579449990541,0.6820411211084374,4.156959551739787,0.0,lowpass,total,S4
13,0.5,0.757876429989555,0.757876429989555,0.49206053490444096,0.5415980245035907,6.1596293122237125,0.0,lowpass,total,S4
15,0.5769230769230769,0.7957748372714603,0.7957748372714604,0.4519127822141561,0.49740845431272024,6.898907492182509,0.0,lowpass,total,S4
17,0.6538461538461539,0.8251485332090392,0.8251485332090392,0.41815244443977684,0.46024934288605684,7.573307201374163,0.0,lowpass,total,S4
19,0.7307692307692307,0.8536958912313999,0.8536958912313999,0.3824972009944645,0.4210045588740125,8.347434770840295,0.0,lowpass,total,S4
21,0.8076923076923077,0.8563842377253387,0.8563842377253387,0.37896670338521965,0.41711863347450256,8.427978923135088,0.0,lowpass,total,S4
23,0.8846153846153846,0.9242557444325151,0.9242557444325149,0.27521674289091685,0.3029237943030329,11.206502984024523,0.0,lowpass,total,S4
25,0.9615384615384616,0.9890825911233155,0.9890825911233155,0.10448640522424166,0.11500542441982414,19.618804242766274,0.0,lowpass,total,S4
26,1.0,1.0,1.0,3.5983160255962396e-15,3.960571337794858e-15,288.8780139396235,0.0,lowpass,total,S4
2,0.07692307692307693,0.041013289112292836,0.041013289112292836,0.9792786686575518,1.0778661460554568,0.18187411002565132,0.0,lowpass,ac,S4
4,0.15384615384615385,0.12630041564022987,0.12630041564022987,0.934718986840307,1.028820482091743,0.5863787089268127,0.0,lowpass,ac,S4
6,0.23076923076923078,0.3969201797640949,0.3969201797640949,0.776582140044377,0.8547634347356989,2.1962520329296282,0.0,lowpass,ac,S4
8,0.3076923076923077,0.4545849061613794,0.4545849061613794,0.7385222365227874,0.8128719049382662,2.6327284754562004,0.0,lowpass,ac,S4
10,0.38461538461538464,0.6160240311995486,0.6160240311995486,0.6196579449990541,0.6820411211084374,4.156959551739787,0.0,lowpass,ac,S4
12,0.46153846153846156,0.757876429989555,0.757876429989555,0.49206053490444107,0.5415980245035907,6.1596293122237125,0.0,lowpass,ac,S4
14,0.5384615384615384,0.7957748372714604,0.7957748372714604,0.4519127822141561,0.49740845431272024,6.898907492182509,0.0,lowpass,ac,S4
16,0.6153846153846154,0.8251485332090392,0.8251485332090392,0.41815244443977684,0.46024934288605684,7.573307201374163,0.0,lowpass,ac,S4
18,0.6923076923076923,0.8536958912313999,0.8536958912313999,0.3824972009944645,0.4210045588740125,8.347434770840295,0.0,lowpass,ac,S4
20,0.7692307692307693,0.8563842377253387,0.8563842377253387,0.37896670338521965,0.41711863347450256,8.427978923135088,0.0,lowpass,ac,S4
22,0.8461538461538461,0.9242557444325149,0.9242557444325149,0.2752167428909169,0.3029237943030329,11.206502984024523,0.0,lowpass,ac,S4
24,0.9230769230769231,0.9890825911233155,0.9890825911233155,0.10448640522424167,0.11500542441982418,19.61880424276627,0.0,lowpass,ac,S4
25,0.9615384615384616,1.0,1.0,3.588194803978217e-15,3.949431176686533e-15,288.9024797406737,0.0,lowpass,ac,S4
2,0.07692307692307693,0.27061976412386507,0.27061976412386507,0.8540376079986961,0.9400166209909372,1.3704600900445152,0.0,magnitude,total,S4
4,0.15384615384615385,0.4320588891620345,0.4320588891620345,0.7536186773415086,0.829488158314576,2.456966934509591,0.0,magnitude,total,S4
6,0.23076923076923078,0.5739112879520407,0.5739112879520407,0.6527547104755036,0.7184698560464766,3.704999709866363,0.0,magnitude,total,S4
8,0.3076923076923077,0.6591984144799777,0.6591984144799777,0.5837821387469999,0.6425535694449829,4.674983934211988,0.0,magnitude,total,S4
10,0.38461538461538464,0.7270699211871541,0.7270699211871541,0.5224271038267878,0.5750217042597594,5.639485993883891,0.0,magnitude,total,S4
12,0.46153846153846156,0.7918967678779546,0.7918967678779546,0.4561833317012413,0.502108935252935,6.817211745607507,0.0,magnitude,total,S4
14,0.5384615384615384,0.849561494275239,0.849561494275239,0.3878640299444649,0.4269116856419282,8.226409889874327,0.0,magnitude,total,S4
16,0.6153846153846154,0.8905747833875318,0.8905747833875318,0.3307948255527405,0.36409712083527873,9.60882585007227,0.0,magnitude,total,S4
18,0.6923076923076923,0.9284731906694372,0.9284731906694372,0.2674449650499382,0.29436960385902117,11.455311475410053,0.0,magnitude,total,S4
20,0.7692307692307693,0.9578468866070161,0.9578468866070161,0.20531223390968176,0.22598174900065365,13.751703432347762,0.0,magnitude,total,S4
22,0.8461538461538461,0.9863942446293766,0.9863942446293766,0.1166437112347814,0.12838664980070671,18.662773418528587,0.0,magnitude,total,S4
23,0.8846153846153846,0.9973116535060613,0.9973116535060613,0.05184926705305139,0.05706911775264645,25.705147569323362,0.0,magnitude,total,S4
25,0.9615384615384616,1.0,1.0,3.589523691550702e-15,3.950893848112082e-15,288.8992635178767,0.0,magnitude,total,S4
26,1.0,1.0,1.0,3.5983160255962396e-15,3.960571337794858e-15,288.8780139396235,0.0,magnitude,total,S4
2,0.07692307692307693,0.27061976412386507,0.27061976412386507,0.8540376079986961,0.9400166209909372,1.3704600900445152,0.0,magnitude,ac,S4
4,0.15384615384615385,0.4320588891620345,0.4320588891620345,0.7536186773415086,0.829488158314576,2.456966934509591,0.0,magnitude,ac,S4
6,0.23076923076923078,0.5739112879520407,0.5739112879520407,0.6527547104755036,0.7184698560464766,3.704999709866363,0.0,magnitude,ac,S4
8,0.3076923076923077,0.6591984144799777,0.6591984144799777,0.5837821387469999,0.6425535694449829,4.674983934211988,0.0,magnitude,ac,S4
10,0.38461538461538464,0.7270699211871541,0.7270699211871541,0.5224271038267878,0.5750217042597594,5.639485993883891,0.0,magnitude,ac,S4
12,0.46153846153846156,0.7918967678779546,0.7918967678779546,0.4561833317012413,0.502108935252935,6.817211745607508,0.0,magnitude,ac,S4
14,0.5384615384615384,0.849561494275239,0.849561494275239,0.3878640299444649,0.4269116856419282,8.226409889874327,0.0,magnitude,ac,S4
16,0.6153846153846154,0.8905747833875318,0.8905747833875318,0.3307948255527405,0.36409712083527873,9.60882585007227,0.0,magnitude,ac,S4
18,0.6923076923076923,0.9284731906694372,0.9284731906694372,0.2674449650499382,0.29436960385902117,11.455311475410053,0.0,magnitude,ac,S4
20,0.7692307692307693,0.9578468866070161,0.9578468866070161,0.20531223390968176,0.22598174900065365,13.751703432347762,0.0,magnitude,ac,S4
22,0.8461538461538461,0.9863942446293766,0.9863942446293766,0.1166437112347814,0.12838664980070671,18.662773418528587,0.0,magnitude,ac,S4
23,0.8846153846153846,0.9973116535060613,0.9973116535060613,0.05184926705305139,0.05706911775264645,25.705147569323362,0.0,magnitude,ac,S4
25,0.9615384615384616,1.0,1.0,3.588194803978217e-15,3.949431176686533e-15,288.9024797406737,0.0,magnitude,ac,S4
1,0.038461538461538464,1.9432430400959234e-33,0.0,1.0,0.24696192386812038,0.0,0.0,lowpass,total,S5
3,0.11538461538461539,0.0350460988488882,0.0350460988488882,0.982320671242905,0.24259580282557125,0.154934337587016,0.0,lowpass,total,S5
5,0.19230769230769232,0.09686029667619811,0.09686029667619811,0.9503366263192226,0.2346969615581342,0.44245065090928454,0.0,lowpass,total,S5
7,0.2692307692307692,0.24951079447739835,0.24951079447739835,0.866307800682068,0.21394504111840365,1.2465554994393977,0.0,lowpass,total,S5
9,0.34615384615384615,0.5668434454311186,0.5668434454311188,0.6581463017968576,0.16253707687844055,3.633551094271408,0.0,lowpass,total,S5
11,0.4230769230769231,0.7486157155545267,0.7486157155545267,0.5013823734890102,0.1238223555504104,5.996618761804835,0.0,lowpass,total,S5
13,0.5,0.8321825720831316,0.8321825720831316,0.40965525496064176,0.10116924988776543,7.751629394840814,0.0,lowpass,total,S5
15,0.5769230769230769,0.8800579349311033,0.8800579349311033,0.34632652954819465,0.08552946602379159,9.210284780903201,0.0,lowpass,total,S5
17,0.6538461538461539,0.9124907297123026,0.9124907297123026,0.2958196583861483,0.07305619195305334,10.579459375887003,0.0,lowpass,total,S5
19,0.7307692307692307,0.937115354788768,0.937115354788768,0.2507681104351831,0.06193017499784609,12.014553849856249,0.0,lowpass,total,S5
21,0.8076923076923077,0.9574227427236577,0.9574227427236577,0.20634257262218667,0.05095875871067256,13.708223181939518,0.0,lowpass,total,S5
23,0.8846153846153846,0.9752903346425204,0.9752903346425206,0.1571930830459139,0.0388207062077801,16.071331361998695,0.0,lowpass,total,S5
25,0.9615384615384616,0.9918942304631522,0.9918942304631522,0.09003204727677644,0.022234487605258278,20.912057482748306,0.0,lowpass,total,S5
26,1.0,1.0,1.0,2.025943758842742e-15,5.003309683324148e-16,293.8674523005738,0.0,lowpass,total,S5
2,0.07692307692307693,0.0350460988488882,0.0350460988488882,0.982320671242905,0.24259580282557125,0.154934337587016,0.0,lowpass,ac,S5
4,0.15384615384615385,0.09686029667619811,0.09686029667619811,0.9503366263192226,0.23469696155813422,0.44245065090928454,0.0,lowpass,ac,S5
6,0.23076923076923078,0.24951079447739835,0.24951079447739835,0.866307800682068,0.21394504111840365,1.2465554994393977,0.0,lowpass,ac,S5
8,0.3076923076923077,0.5668434454311188,0.5668434454311188,0.6581463017968577,0.16253707687844055,3.633551094271408,0.0,lowpass,ac,S5
10,0.38461538461538464,0.7486157155545267,0.7486157155545267,0.5013823734890102,0.1238223555504104,5.996618761804835,0.0,lowpass,ac,S5
12,0.46153846153846156,0.8321825720831316,0.8321825720831316,0.40965525496064176,0.10116924988776543,7.751629394840814,0.0,lowpass,ac,S5
14,0.5384615384615384,0.8800579349311033,0.8800579349311033,0.34632652954819465,0.08552946602379159,9.2102847809032,0.0,lowpass,ac,S5
16,0.6153846153846154,0.9124907297123026,0.9124907297123026,0.2958196583861483,0.07305619195305334,10.579459375887005,0.0,lowpass,ac,S5
18,0.6923076923076923,0.937115354788768,0.937115354788768,0.2507681104351831,0.06193017499784609,12.014553849856249,0.0,lowpass,ac,S5
20,0.7692307692307693,0.9574227427236577,0.9574227427236577,0.2063425726221867,0.05095875871067257,13.708223181939516,0.0,lowpass,ac,S5
22,0.8461538461538461,0.9752903346425206,0.9752903346425206,0.15719308304591387,0.0388207062077801,16.071331361998695,0.0,lowpass,ac,S5
24,0.9230769230769231,0.9918942304631522,0.9918942304631522,0.09003204727677643,0.022234487605258275,20.91205748274831,0.0,lowpass,ac,S5
25,0.9615384615384616,1.0,1.0,2.0305738664020645e-15,5.014744286029814e-16,293.84762415019816,0.0,lowpass,ac,S5
2,0.07692307692307693,0.3173326509537204,0.3173326509537204,0.8262368601353244,0.2040490445497748,1.657908683042204,0.0,magnitude,total,S5
4,0.15384615384615385,0.4991049210771283,0.4991049210771283,0.7077394145608057,0.17478468741723377,3.0025323504464465,0.0,magnitude,total,S5
6,0.23076923076923078,0.6517554188783286,0.6517554188783286,0.5901225136543016,0.14573779128995745,4.581156327138085,0.0,magnitude,total,S5
8,0.3076923076923077,0.7353222754069335,0.7353222754069335,0.514468390275891,0.127054103431869,5.772826075969892,0.0,magnitude,total,S5
10,0.38461538461538464,0.7971364732342433,0.7971364732342433,0.45040373751308566,0.11123257353362355,6.927960286110472,0.0,magnitude,total,S5
12,0.46153846153846156,0.845011836082215,0.845011836082215,0.39368536157417,0.0972252942930736,8.097014666133628,0.0,magnitude,total,S5
14,0.5384615384615384,0.8800579349311033,0.8800579349311033,0.34632652954819465,0.08552946602379159,9.210284780903201,0.0,magnitude,total,S5
16,0.6153846153846154,0.9124907297123026,0.9124907297123026,0.2958196583861483,0.07305619195305334,10.579459375887003,0.0,magnitude,total,S5
18,0.6923076923076923,0.937115354788768,0.937115354788768,0.2507681104351831,0.06193017499784609,12.014553849856249,0.0,magnitude,total,S5
20,0.7692307692307693,0.9574227427236577,0.9574227427236577,0.2063425726221867,0.05095875871067256,13.708223181939518,0.0,magnitude,total,S5
22,0.8461538461538461,0.9752903346425206,0.9752903346425206,0.15719308304591387,0.0388207062077801,16.071331361998695,0.0,magnitude,total,S5
24,0.9230769230769231,0.9918942304631522,0.9918942304631522,0.09003204727677644,0.022234487605258275,20.912057482748306,0.0,magnitude,total,S5
25,0.9615384615384616,1.0,1.0,2.0452081039750527e-15,5.050885280683497e-16,293.7852499016924,0.0,magnitude,total,S5
26,1.0,1.0,1.0,2.025943758842742e-15,5.003309683324148e-16,293.8674523005738,0.0,magnitude,total,S5
2,0.07692307692307693,0.3173326509537204,0.3173326509537204,0.8262368601353244,0.2040490445497748,1.657908683042204,0.0,magnitude,ac,S5
4,0.15384615384615385,0.4991049210771283,0.4991049210771283,0.7077394145608057,0.17478468741723377,3.0025323504464465,0.0,magnitude,ac,S5
6,0.23076923076923078,0.6517554188783286,0.6517554188783286,0.5901225136543016,0.14573779128995745,4.581156327138085,0.0,magnitude,ac,S5
8,0.3076923076923077,0.7353222754069335,0.7353222754069335,0.514468390275891,0.127054103431869,5.772826075969892,0.0,magnitude,ac,S5
10,0.38461538461538464,0.7971364732342433,0.7971364732342433,0.45040373751308566,0.11123257353362355,6.927960286110472,0.0,magnitude,ac,S5
12,0.46153846153846156,0.845011836082215,0.845011836082215,0.39368536157417,0.0972252942930736,8.097014666133628,0.0,magnitude,ac,S5
14,0.5384615384615384,0.8800579349311033,0.8800579349311033,0.34632652954819465,0.08552946602379159,9.2102847809032,0.0,magnitude,ac,S5
16,0.6153846153846154,0.9124907297123026,0.9124907297123026,0.2958196583861483,0.07305619195305334,10.579459375887005,0.0,magnitude,ac,S5
18,0.6923076923076923,0.937115354788768,0.937115354788768,0.2507681104351831,0.06193017499784609,12.014553849856249,0.0,magnitude,ac,S5
20,0.7692307692307693,0.9574227427236577,0.9574227427236577,0.2063425726221867,0.05095875871067257,13.708223181939516,0.0,magnitude,ac,S5
22,0.8461538461538461,0.9752903346425206,0.9752903346425206,0.15719308304591387,0.0388207062077801,16.071331361998695,0.0,magnitude,ac,S5
24,0.9230769230769231,0.9918942304631522,0.9918942304631522,0.09003204727677643,0.022234487605258275,20.91205748274831,0.0,magnitude,ac,S5
25,0.9615384615384616,1.0,1.0,2.0305738664020645e-15,5.014744286029814e-16,293.84762415019816,0.0,magnitude,ac,S5
