snr_db,realization,noise_sigma,eta_dc,eta_total,eta_ac,eps_l2_vs_clean,eps_l2_ac_vs_clean,rmse_vs_clean,eps_parseval
30.0,0,2.107314677006971,0.9321363285697011,0.9915964536012222,0.8761701773325233,0.09089245186716634,0.34813001916531366,23.199157276241838,4.127088094713725e-16
30.0,1,2.107314677006971,0.9317919997537829,0.9918870934460213,0.881056378655102,0.09097988040089927,0.34843841702976175,23.221472311900307,2.7556144176563417e-16
30.0,2,2.107314677006971,0.9314376080067116,0.9913440805520245,0.8737512038841552,0.09096986805592834,0.3482392944473944,23.218916786541346,5.530296158373371e-16
30.0,3,2.107314677006971,0.9316004194123503,0.9919223189158954,0.8819045231753522,0.09108715087539128,0.3488579767519538,23.24885175384202,0.0
30.0,4,2.107314677006971,0.9316664014028455,0.9913516526615244,0.8734393107340952,0.09101729068050302,0.3485858158951783,23.231020816120918,1.3713586920058921e-16
30.0,5,2.107314677006971,0.9315592568809118,0.9914211337556077,0.8746526432440267,0.09095934170977106,0.3483734667809615,23.21623006883233,1.3765106828499552e-16
30.0,6,2.107314677006971,0.9311565745409212,0.9918695345243662,0.8818991730667634,0.0910327987903854,0.3486628632436176,23.23497906647975,5.488463106012448e-16
30.0,7,2.107314677006971,0.9314132450114153,0.9914589849325811,0.8754713636934647,0.09093343840536189,0.3482229369166433,23.209618575571696,4.106977049194132e-16
30.0,8,2.107314677006971,0.9323503116216909,0.9917744797855691,0.8784100797562813,0.09109201850364332,0.34888754057407545,23.2500941548452,1.3771185505769118e-16
30.0,9,2.107314677006971,0.9319800292876096,0.9916902000684982,0.877832938702102,0.09103145080995917,0.34861801309120705,23.234635011398492,2.7412865705413905e-16
30.0,10,2.107314677006971,0.9318635198001768,0.9917495088089516,0.8789122777276958,0.09094506517036562,0.34819986033065525,23.212586161376617,2.735053525017092e-16
30.0,11,2.107314677006971,0.9310844497186117,0.9912866878534038,0.8735653693394448,0.09094477699138072,0.34830141956911037,23.21251260730852,1.3701048161207243e-16
30.0,12,2.107314677006971,0.9313990252941827,0.9923949617693939,0.8891409595385639,0.09091846277292433,0.34818742799597274,23.205796233395937,0.0
30.0,13,2.107314677006971,0.9296465577070253,0.9918005625530057,0.8834536423555621,0.09109958095854163,0.34890533816623054,23.25202437651902,0.0
30.0,14,2.107314677006971,0.9315383105713608,0.9914444024821821,0.8750308736284427,0.09095834044273987,0.348296508331407,23.215974507992517,2.759946778572994e-16
30.0,15,2.107314677006971,0.9311401583274245,0.9912950460467322,0.8735844616858172,0.09091177629663633,0.34818585267142454,23.204089594265376,2.752614759200546e-16
30.0,16,2.107314677006971,0.9307507335722701,0.9910378625047447,0.8705814811105836,0.09094211866505465,0.3482919591391887,23.211834102886385,6.881866416368174e-16
30.0,17,2.107314677006971,0.9319618795019365,0.9918318935000954,0.8799480873352884,0.0909482727889014,0.3483439274758017,23.213404865739466,1.3754061589676478e-16
30.0,18,2.107314677006971,0.9303715212628403,0.9918464403904469,0.8828990700725808,0.09097067154915058,0.3482746333868916,23.219121868099275,1.3802224214891678e-16
30.0,19,2.107314677006971,0.9317750683405364,0.9917519365593215,0.8791048486226747,0.09113651726250675,0.3488146696827531,23.26145190440816,0.0
30.0,20,2.107314677006971,0.9312373174843186,0.9917678445089194,0.8802816412928143,0.09111826398438716,0.34899598827234335,23.256792984319592,6.868570909294774e-16
30.0,21,2.107314677006971,0.9327356778931054,0.9920633577766257,0.8820081437710541,0.09098012739434094,0.34846116640649066,23.22153535387554,1.37444855960281e-16
30.0,22,2.107314677006971,0.930794043511404,0.9917693166851009,0.8810697267618096,0.09104516469387534,0.3487084802774985,23.238135308104145,1.3713714445643393e-16
30.0,23,2.107314677006971,0.9322113762469482,0.9911260691808076,0.8690940997486647,0.09095344192481948,0.3483396420086421,23.21472422278928,1.372059845410797e-16
30.0,24,2.107314677006971,0.9317836834081078,0.9917920810288341,0.8796780685144561,0.09098715249294051,0.3484720603380482,23.223328422100064,1.377431232204528e-16
30.0,25,2.107314677006971,0.9302459107094757,0.9915187524613458,0.8784121816381242,0.09099808778617305,0.348529831888764,23.226119518416123,2.741526939460954e-16
30.0,26,2.107314677006971,0.9322339362794616,0.9917069760539625,0.8776227584910792,0.09108084929849398,0.348826759471205,23.247243355448916,2.7440749331681278e-16
30.0,27,2.107314677006971,0.9318817062878189,0.9918627659164151,0.8805426025794632,0.09095563636912903,0.348259693978081,23.21528432715026,6.840452092479827e-16
30.0,28,2.107314677006971,0.9314030558542228,0.9919104404711825,0.8820711384515029,0.09096991374505936,0.34839122602003225,23.218928448118454,0.0
30.0,29,2.107314677006971,0.9324994995912218,0.9919485809492797,0.8807206020405542,0.0910050212423462,0.3483622748104094,23.22788919606178,5.467379572097629e-16
30.0,30,2.107314677006971,0.9318057377333615,0.9918409899220931,0.8803563554070699,0.09094821258611387,0.34832007563779716,23.21338949973373,0.0
30.0,31,2.107314677006971,0.9326464348282585,0.9920803935974722,0.882417413505376,0.09104875367182252,0.34860553885833334,23.239051349669168,4.1482708855030973e-16
30.0,32,2.107314677006971,0.9320084208936328,0.9916083481486283,0.8765780709660623,0.09094661189407995,0.34833109016993685,23.212980943187148,1.376558574203847e-16
30.0,33,2.107314677006971,0.9316035445698752,0.9916051026875842,0.8772612226814582,0.0909372005694359,0.3482958208808766,23.210578820721416,4.1179948936634777e-16
30.0,34,2.107314677006971,0.9310985165195474,0.9913662768071281,0.8746946690150528,0.09111109348935072,0.34896814390574155,23.25496280547985,0.0
30.0,35,2.107314677006971,0.9314601939437148,0.9916374544872071,0.8779899449098884,0.09100646805095433,0.3484682261186806,23.22825847579579,4.103649435393769e-16
30.0,36,2.107314677006971,0.9307663367172252,0.9913968925117096,0.8757380863532764,0.09098265934924393,0.34844535129677495,23.222181603578388,1.3695711352771286e-16
30.0,37,2.107314677006971,0.9307140034723608,0.991956005320599,0.883901580657901,0.0910987369390659,0.348915964309004,23.251808951143644,1.3715354953322e-16
30.0,38,2.107314677006971,0.932967375620837,0.9915562971363261,0.8740359199438013,0.09114569090887116,0.3490819408185142,23.263793362476815,2.7580003288914726e-16
30.0,39,2.107314677006971,0.9312831703691379,0.9912869065057531,0.8732029178142762,0.0910527808948533,0.348718191564935,23.24007924779006,1.3705747971126903e-16
30.0,40,2.107314677006971,0.9319383215156541,0.9915596995099216,0.8759904151934853,0.09099283911652574,0.34846984415225823,23.22477986138038,0.0
30.0,41,2.107314677006971,0.9320875303634354,0.9921862285114971,0.8849434937307009,0.09093449607893556,0.34813778113238136,23.20988853347335,2.765447541769816e-16
30.0,42,2.107314677006971,0.9325924235084346,0.9919924592748015,0.8812071113964388,0.09107581832371822,0.34883176474037497,23.245959262296203,0.0
30.0,43,2.107314677006971,0.9314605509105416,0.9916195478179373,0.8777280486873401,0.09098957113876144,0.34847302538442954,23.2239457510822,1.3774628758274813e-16
30.0,44,2.107314677006971,0.9321367335855402,0.9921294939195563,0.88402406049281,0.09103875408729195,0.34866307976442634,23.236499081252415,4.135101150388083e-16
30.0,45,2.107314677006971,0.9320824579349507,0.9918988585866966,0.8807209276574787,0.09089496972130662,0.34811117182034435,23.19979992690203,0.0
30.0,46,2.107314677006971,0.9319232649641589,0.991641730162216,0.8772228157918626,0.09104963595612885,0.34868107168265455,23.23927654166217,1.370267453355277e-16
30.0,47,2.107314677006971,0.9311987355254595,0.9921213407822963,0.8854867090325184,0.09098744825343466,0.34845273443851055,23.223403911253225,4.1331237139060097e-16
30.0,48,2.107314677006971,0.9321049963350675,0.991857743992046,0.8800757704037143,0.09101228171132805,0.3485004672659391,23.229742339621552,0.0
30.0,49,2.107314677006971,0.9315502147897102,0.9913624334377352,0.8738116338023776,0.09096588444927599,0.34840729011390115,23.217900020953486,2.745583986501983e-16
30.0,50,2.107314677006971,0.9323654508381297,0.9913182338143937,0.8716371101280216,0.09138283782624915,0.34987691917564945,23.324322135997722,0.0
30.0,51,2.107314677006971,0.9314150525928943,0.991412855329087,0.8747954909122916,0.09092075892581684,0.34823836065985103,23.20638229759587,6.86660659735262e-16
30.0,52,2.107314677006971,0.9309072367420135,0.991923373011619,0.8831045885627199,0.09118758228283327,0.34851197573454695,23.27448560977679,2.712814294535105e-16
30.0,53,2.107314677006971,0.932621225502931,0.9914164340047189,0.8726072704742605,0.09100823311264826,0.3485230566651986,23.2287089856346,1.3802368920922468e-16
30.0,54,2.107314677006971,0.931013650115661,0.991590848781258,0.8781041288190984,0.09099612737929696,0.3485090265219403,23.22561914917193,2.7522295232928653e-16
30.0,55,2.107314677006971,0.9305018326502986,0.9919758027316427,0.8845408796467793,0.0909852820780842,0.34847633914643195,23.222851022189165,1.3706524375837314e-16
30.0,56,2.107314677006971,0.9324176415564599,0.9923515395610106,0.8868275595120116,0.09092339824412009,0.34818500008202247,23.2070559504588,4.11146627665421e-16
30.0,57,2.107314677006971,0.9307632092759678,0.991827684449551,0.8819657083324025,0.09092393861559106,0.34824254976817903,23.207193873492944,4.12470771096103e-16
30.0,58,2.107314677006971,0.9315208207461831,0.9920894075735489,0.8844817868343481,0.09104812746462917,0.3487113665565981,23.23889151814447,5.506517647939744e-16
30.0,59,2.107314677006971,0.9323379764441683,0.9919924117322679,0.8816531364728614,0.09105635628946569,0.3487161405322318,23.24099182237941,0.0
30.0,60,2.107314677006971,0.93163431151277,0.9919771398940581,0.8826478562058143,0.0910288526074974,0.3485855978003514,23.23397185283793,1.3692091213456893e-16
30.0,61,2.107314677006971,0.9317227378984889,0.9920271033490771,0.883227645551026,0.09100190958479741,0.3485460091885506,23.227094984536173,1.3731515554805497e-16
30.0,62,2.107314677006971,0.9325517811546489,0.991830462984947,0.8788769050553507,0.09103301860103434,0.3486407570862002,23.235035170388397,5.489359909568813e-16
30.0,63,2.107314677006971,0.9310787471712932,0.991424616193516,0.8755770759449643,0.09101128286293868,0.3485380202723421,23.229487396109697,2.7383886862100644e-16
30.0,64,2.107314677006971,0.9318076219124032,0.9915444753439553,0.8760048425766411,0.09097358712465553,0.3483428475969645,23.219866032144814,0.0
30.0,65,2.107314677006971,0.9328605189597726,0.9919488554281342,0.8800833064669956,0.09102401828894957,0.34861145689131384,23.23273795371858,4.1193244657006135e-16
30.0,66,2.107314677006971,0.9305806067139334,0.9913824527569273,0.8758625387640441,0.0909206324413558,0.34823694008691436,23.206350014025066,2.7437221126653645e-16
30.0,67,2.107314677006971,0.9317562489765105,0.9917325577179489,0.8788542224297503,0.09095137357104381,0.3483513346287396,23.21419630145413,2.7518794007672083e-16
30.0,68,2.107314677006971,0.9310242389527044,0.9913349009423589,0.8743747234379952,0.0909793725056878,0.34846232281852924,23.22134267802369,4.1226548055282827e-16
30.0,69,2.107314677006971,0.9324161646566572,0.9919163471251629,0.8803907349476385,0.09107370744368005,0.3485636414324278,23.245420486666426,0.0
30.0,70,2.107314677006971,0.9321436131944584,0.991912093875323,0.880808476468769,0.0909551347882949,0.34833232683308024,23.215156304939192,4.1368220473880534e-16
30.0,71,2.107314677006971,0.9316657784557731,0.9916872271924818,0.8783512474472547,0.09096418689641367,0.3481238991030519,23.21746674189644,4.091994378837792e-16
30.0,72,2.107314677006971,0.9318509880165768,0.9920838773415146,0.8838409768815023,0.09095135063396637,0.348287414060702,23.214190447053063,1.3694798116674703e-16
30.0,73,2.107314677006971,0.9322433007734837,0.9917433209577545,0.8781422481245335,0.09088373263326817,0.34809759835367343,23.196931801250493,1.3750117324482193e-16
30.0,74,2.107314677006971,0.9313780021649161,0.9921142447349584,0.8850841491966874,0.09094806946712994,0.3483138393251875,23.2133529704098,1.3705259850370873e-16
30.0,75,2.107314677006971,0.9319153670594162,0.9916804591355225,0.8778058938536444,0.09104494547657974,0.34870288210601447,23.23807935564149,1.372551620178663e-16
30.0,76,2.107314677006971,0.931650417547935,0.9913962759274699,0.8741217756734084,0.0909580564070812,0.3483729967276642,23.21590201145642,1.372437011142346e-16
30.0,77,2.107314677006971,0.9322284884515094,0.9918298554533,0.8794457381866999,0.09101137262163303,0.3485415699516849,23.2295103058896,1.3710302530246645e-16
30.0,78,2.107314677006971,0.9331266404017982,0.9917990133181824,0.8773654153000229,0.09104091610715556,0.3485936579105897,23.23705090968063,4.11039305641958e-16
30.0,79,2.107314677006971,0.9315819960035506,0.9919213389132268,0.8819219998409715,0.09101228241006491,0.34837469455296466,23.229742517965366,4.1501613607622385e-16
30.0,80,2.107314677006971,0.9313307354532807,0.9918165541133135,0.8808281122463614,0.09106791590936995,0.34880307546321193,23.24394227024063,2.747391834880741e-16
30.0,81,2.107314677006971,0.930637262977517,0.9915397521819036,0.8780289218495814,0.09100445634728276,0.3485011630273939,23.227745013688526,2.7552244987261754e-16
30.0,82,2.107314677006971,0.9327775614621749,0.9912094574117434,0.8692320186612946,0.09109387398167845,0.34888696845460815,23.25056774232002,4.135370992735525e-16
30.0,83,2.107314677006971,0.9309629622609804,0.9911072211551069,0.8711882905736712,0.09092186499927997,0.34823442617701844,23.2066646089617,4.1142885253920256e-16
30.0,84,2.107314677006971,0.9325870074951437,0.9921932765647977,0.8841955660900271,0.0909905411354604,0.3483897128310347,23.22419333056229,1.369019158576526e-16
30.0,85,2.107314677006971,0.9315113839997514,0.991508173859667,0.8760111294948318,0.09097357282763266,0.3484039542501469,23.219862383009207,0.0
30.0,86,2.107314677006971,0.9307747085705084,0.9915269177762956,0.8776013499006423,0.09095212460462278,0.3483510479952731,23.214387993346694,4.113679819520767e-16
30.0,87,2.107314677006971,0.9316397316760158,0.9914029477915894,0.8742390511449406,0.09095232277380856,0.34826160735038725,23.214438573543553,0.0
30.0,88,2.107314677006971,0.9315066058411943,0.9914006441719725,0.8744498512062414,0.09095751442261804,0.34832065172398147,23.215763676726265,5.515707720019628e-16
30.0,89,2.107314677006971,0.9311954066533584,0.9918585537153655,0.8816729248929996,0.09093239294766796,0.3482660808647951,23.20935173561998,2.7525965983565535e-16
30.0,90,2.107314677006971,0.9305742260026,0.9913052849064382,0.874762431976812,0.09097918478395958,0.3484473318062829,23.221294764409215,1.3752275752524869e-16
30.0,91,2.107314677006971,0.9313738947776075,0.9913334377619321,0.8737133309549939,0.09113086238053401,0.34850030160682915,23.260008566775937,2.777038066824899e-16
30.0,92,2.107314677006971,0.9312305537549935,0.9921302718098624,0.8855635951742292,0.0909583654349893,0.3483569310509285,23.215980886950433,0.0
30.0,93,2.107314677006971,0.9318406080469596,0.9916503369736039,0.8774979824915607,0.09094786080137265,0.3483298652908757,23.213299711094844,1.3768949357654205e-16
30.0,94,2.107314677006971,0.9321151641815361,0.9919737054294889,0.8817660163165907,0.09098128761839455,0.34843735222324296,23.221831486499784,2.742814446725784e-16
30.0,95,2.107314677006971,0.9312917091102189,0.9915346910989857,0.8767934874905601,0.09090346479693119,0.34816884389348296,23.20196818830811,2.7502248757131847e-16
30.0,96,2.107314677006971,0.9316200775979636,0.9920207024126273,0.8833093500683017,0.09103197970034894,0.3485857179644726,23.2347700040308,1.3798519246451773e-16
30.0,97,2.107314677006971,0.9314367178828805,0.991771785844558,0.8799909528632752,0.09093535290732725,0.34828978024741725,23.210107228163714,1.3725486550096e-16
30.0,98,2.107314677006971,0.9318905537520238,0.9917838633955326,0.8793686183476878,0.09104867741736267,0.3486221574737762,23.239031886675587,1.3682791423840186e-16
30.0,99,2.107314677006971,0.9331151592016944,0.9920864688561752,0.8816842344338007,0.09098957135631165,0.3483987324394429,23.223945806609166,2.740336144408935e-16
20.0,0,6.663914126044088,0.9308990152885857,0.9917896636886409,0.8811835121359276,0.09177913014591382,0.3508995107858428,23.425470775542657,1.3889581464486144e-16
20.0,1,6.663914126044088,0.9299689256652127,0.9893186005356823,0.8474762872656401,0.09217368704064575,0.35303745763246563,23.526176469660022,8.227477227324148e-16
20.0,2,6.663914126044088,0.9347619221357999,0.9901508532087155,0.849027636715685,0.09212951482331119,0.3508358899512022,23.514902065722907,4.0534101922877715e-16
20.0,3,6.663914126044088,0.9294773038901637,0.9906821100406485,0.8678738835390073,0.09207212202273383,0.3525987990598928,23.500253273884137,2.7334184419708177e-16
20.0,4,6.663914126044088,0.9274009474671535,0.9914842782465022,0.8827020263157701,0.09209248006691768,0.35272653860635744,23.505449409087397,4.10590547522151e-16
20.0,5,6.663914126044088,0.9354926192203877,0.9908002225528705,0.8573841111521765,0.0917249719747387,0.351269478444583,23.411647582251305,2.7511526109315107e-16
20.0,6,6.663914126044088,0.9303245562917322,0.9909346277134594,0.8698914308389983,0.09232598130663945,0.3524840264984903,23.565047669154357,2.7031551629470153e-16
20.0,7,6.663914126044088,0.9304283503982069,0.9907650177104563,0.8672594031850355,0.09298739542078567,0.3555602516237036,23.733865318404582,2.7147663640320486e-16
20.0,8,6.663914126044088,0.9282542569814395,0.9920907824648885,0.8897604624003219,0.0925491740194214,0.35407395456959395,23.62201480713306,0.0
20.0,9,6.663914126044088,0.934334214183048,0.9923912845851904,0.8841296830587021,0.09325454697027584,0.35605676732755,23.802052397594295,0.0
20.0,10,6.663914126044088,0.9335928753760043,0.9916983016045146,0.8749878353792523,0.09179367635031212,0.3515180507792472,23.429183511602435,1.3721831856094135e-16
20.0,11,6.663914126044088,0.9326628057905363,0.9907102234570325,0.8620409321767982,0.09286928569321135,0.3556580668164291,23.703719293189465,4.1400880288500156e-16
20.0,12,6.663914126044088,0.9305118991165895,0.9909845433898764,0.8702589868551722,0.09283463351456206,0.354495620679506,23.694874759612315,4.180186460634489e-16
20.0,13,6.663914126044088,0.9312116180546657,0.9914581973697233,0.8758249229199079,0.09188896368178771,0.35191509809145494,23.453504406725457,1.370125296701657e-16
20.0,14,6.663914126044088,0.9298666420758442,0.9904178519978426,0.8633724623235647,0.09267837128439964,0.3549596411203184,23.65499078707769,4.1215562572449575e-16
20.0,15,6.663914126044088,0.9317897371808337,0.9914164549199892,0.8741605042225578,0.09233929352496054,0.3524283776503579,23.568445445759366,2.793696072576001e-16
20.0,16,6.663914126044088,0.928604032076662,0.9906892590645656,0.869590101426569,0.09243425566226365,0.3540347335234768,23.592683339152348,2.741304753160819e-16
20.0,17,6.663914126044088,0.9315376538940646,0.990294546802688,0.858236625687731,0.0917164386666887,0.35109012807490353,23.409469562498597,0.0
20.0,18,6.663914126044088,0.9316584680352828,0.9916423418658223,0.8777074804455269,0.09227754564781507,0.35234383620931475,23.552685075300165,1.3539346402367462e-16
20.0,19,6.663914126044088,0.9283582999363539,0.9912701184065882,0.8781452480098,0.09152169767920552,0.35053143731426667,23.359764370219754,2.7428368700598845e-16
20.0,20,6.663914126044088,0.9323201528434144,0.9911155772682895,0.8687286820971174,0.09336672070434307,0.35747875287082015,23.830683334987114,0.0
20.0,21,6.663914126044088,0.9279153606455722,0.9911629082937576,0.8774067292923261,0.0916319225731211,0.3501504908311745,23.387897890629585,1.3513181689306643e-16
20.0,22,6.663914126044088,0.9336840587365393,0.9901775864587449,0.851884579271332,0.09489168796326225,0.36318322243916373,24.219912083403855,1.3670441307162257e-16
20.0,23,6.663914126044088,0.933236700777285,0.9910421616509439,0.8658269070979572,0.0930536096659451,0.3563066314527611,23.75076567322861,0.0
20.0,24,6.663914126044088,0.9294824668619883,0.9896760735625301,0.8535977369306907,0.09333502622575504,0.3573535793950111,23.822593717219664,0.0
20.0,25,6.663914126044088,0.9310401756050449,0.992867785734151,0.8965743557437105,0.09318538030567591,0.35309874355556325,23.78439847477272,1.4129310952319653e-16
20.0,26,6.663914126044088,0.9296856693022759,0.9929893672261157,0.9002958187282948,0.09201636968201735,0.3521040501640499,23.48602318883053,5.531400839715092e-16
20.0,27,6.663914126044088,0.9267607457702789,0.9918851829378781,0.8892012603423135,0.09304548764356532,0.3563045905168994,23.748692628979953,1.3618055416068577e-16
20.0,28,6.663914126044088,0.9303514118368706,0.9904394600544009,0.8627317480835845,0.09207249761791034,0.35252079411667675,23.500349139837716,1.3795557751297677e-16
20.0,29,6.663914126044088,0.9253317828838233,0.9909935193797276,0.8793799963609804,0.09310761965836195,0.35654376391337417,23.764551045752153,0.0
20.0,30,6.663914126044088,0.9351987389842564,0.9927038050218479,0.8874065895665284,0.09306349343789887,0.3563805642174213,23.753288381939043,2.7489351066921745e-16
20.0,31,6.663914126044088,0.9294857972685552,0.9907107928892128,0.868264736025375,0.09262146870721077,0.35301080077815555,23.640467118604573,1.397566110261059e-16
20.0,32,6.663914126044088,0.9286575346415373,0.9919953192583859,0.8877992132540663,0.09268216954573813,0.3548892853939096,23.655960245601012,1.3638013623898192e-16
20.0,33,6.663914126044088,0.9328659441114701,0.9911741055204527,0.8685332747629323,0.09309124578551817,0.3549069203846789,23.760371820266197,5.404018177017714e-16
20.0,34,6.663914126044088,0.9294232461416563,0.9900727611737051,0.859341237963137,0.09174521032265566,0.35083860511210296,23.416813166485106,4.1575752471791495e-16
20.0,35,6.663914126044088,0.931929801574874,0.9927270285228331,0.8931548365447067,0.09351444584822212,0.3579089124784927,23.868388323422398,2.729127823691014e-16
20.0,36,6.663914126044088,0.9334777322298183,0.9919771254891447,0.879395655322931,0.09312264197804315,0.35645074934937193,23.768385304260743,2.7729144724719636e-16
20.0,37,6.663914126044088,0.9320381133677715,0.991140887583184,0.8696458727704763,0.09319434017599534,0.3548820742791077,23.786685369189637,2.8077507708266093e-16
20.0,38,6.663914126044088,0.9275290563855024,0.9917858732605094,0.8866562745038257,0.09183209756139818,0.3516141486011075,23.438990043392682,1.374963078851845e-16
20.0,39,6.663914126044088,0.9359583690332759,0.9917434245573623,0.8710748724227889,0.09175054380754233,0.3510673196854887,23.41817447154592,1.3690465140134298e-16
20.0,40,6.663914126044088,0.9270465173504447,0.9917879983479588,0.8874350976294172,0.0928022024168933,0.35471431275724813,23.686597129072005,1.3508386710733537e-16
20.0,41,6.663914126044088,0.9325213889931335,0.9917664711069113,0.877983130206239,0.09134105990315879,0.34984672917538473,23.3136588456085,1.3746167580613362e-16
20.0,42,6.663914126044088,0.9342966922845491,0.9919557699283242,0.877567350086636,0.09227790492583357,0.3532339242010977,23.55277677650401,2.738676224266321e-16
20.0,43,6.663914126044088,0.9316578459362004,0.9922358402716782,0.8863928151712396,0.09260234939138419,0.3544326142885681,23.63558715326352,4.093641308598803e-16
20.0,44,6.663914126044088,0.9312143909165651,0.9921195490690785,0.8854345983712582,0.09289280841079244,0.35567313704664255,23.7097231715481,1.3805723475197957e-16
20.0,45,6.663914126044088,0.9332444931679112,0.9913153977513105,0.8699043320795397,0.09321313994502556,0.3558968888815514,23.79148377422251,0.0
20.0,46,6.663914126044088,0.9303556133173964,0.9914061181736511,0.8766033813246926,0.09299745283327439,0.3559446597678398,23.736432346681678,0.0
20.0,47,6.663914126044088,0.933165176546194,0.9919540591150194,0.8796145412048303,0.09205221306875672,0.35226791282030645,23.495171763318265,2.775113879355511e-16
20.0,48,6.663914126044088,0.928048509415128,0.9924175541883274,0.8946172518451385,0.09220515374350861,0.35312449682138697,23.53420795053312,5.4615069984671e-16
20.0,49,6.663914126044088,0.9339783181486918,0.9906846067411909,0.8589040297429994,0.09257742545325665,0.35453168113845446,23.62922563095131,4.119620658547244e-16
20.0,50,6.663914126044088,0.9246408297880186,0.9902185027322726,0.8702016325257741,0.09261928688522966,0.3523057046397097,23.63991023593446,1.3951615315476392e-16
20.0,51,6.663914126044088,0.9314844050995611,0.9897126698690384,0.8498541807027992,0.09265206587855065,0.3523141135303056,23.648276662472515,2.8124974366859476e-16
20.0,52,6.663914126044088,0.924197150813406,0.9906886928897845,0.8771641539845692,0.0928655767195882,0.3510529946804178,23.702772624234576,1.4065520975857888e-16
20.0,53,6.663914126044088,0.9325228803002017,0.9915743381188763,0.8751330537134777,0.0939287839217576,0.3586307193359568,23.974142915096664,1.354663515637771e-16
20.0,54,6.663914126044088,0.9341742803790306,0.9930008090235082,0.8936708779365589,0.0920548155629106,0.35256158555878125,23.495836017279363,1.375158178566308e-16
20.0,55,6.663914126044088,0.9339595405971414,0.9910998640693085,0.8652320712004894,0.09276007922114912,0.35419788588677015,23.67584571217245,1.3572803254372145e-16
20.0,56,6.663914126044088,0.9305360515702817,0.9925816718674475,0.8932060687558228,0.092176843684036,0.35277490725716004,23.526982163256914,2.766212461121848e-16
20.0,57,6.663914126044088,0.9317163196054911,0.9932065846584021,0.9005118748381906,0.09380419171452245,0.35725874133706886,23.942342318329104,2.8063892933802876e-16
20.0,58,6.663914126044088,0.9302158149015277,0.9916849272031314,0.8808458852799514,0.09267780284299958,0.3547238681704855,23.65484569954653,1.3624755149435878e-16
20.0,59,6.663914126044088,0.9341809017407953,0.9916142034802609,0.8725932633304246,0.09306830256456365,0.35645304081093626,23.754515851146508,5.503605935079264e-16
20.0,60,6.663914126044088,0.9272433448874138,0.9894309267463529,0.8547339313868663,0.09124818570499776,0.3493306784430822,23.289953872469574,1.3757633317789362e-16
20.0,61,6.663914126044088,0.9275428568660775,0.9894079079283072,0.8538157645531826,0.09161677090581358,0.3495674392430685,23.384030617763205,1.3912185113572104e-16
20.0,62,6.663914126044088,0.9346164041141184,0.9919117804063288,0.8762958891433843,0.09194472184517904,0.3521036927356351,23.46773597794372,2.7669575252899563e-16
20.0,63,6.663914126044088,0.9327496131911287,0.9904797479339339,0.8584357277658023,0.09175480857919498,0.3513500348017264,23.419263000970357,1.3816934646527521e-16
20.0,64,6.663914126044088,0.9268942899660587,0.9891458855733699,0.8515285000092215,0.09228801603829204,0.35346862055033207,23.55535751102424,0.0
20.0,65,6.663914126044088,0.931273391691076,0.9914074046827457,0.8749742562788657,0.09240836297152255,0.3531447196381985,23.58607455489724,1.3915408412570219e-16
20.0,66,6.663914126044088,0.9272177382002547,0.9920413477171307,0.8906512097031702,0.09244384990189444,0.353152617210258,23.595132148372127,8.321231759918847e-16
20.0,67,6.663914126044088,0.932093541797686,0.9908845598099953,0.8657647529952616,0.0922381408497929,0.3519096982689933,23.54262749529241,1.352112591968309e-16
20.0,68,6.663914126044088,0.929784144588143,0.9903470025989957,0.862523964930942,0.09296148378263636,0.35600490227557496,23.72725169806139,2.7342538457085935e-16
20.0,69,6.663914126044088,0.9327567661660743,0.9928805534024377,0.8941239706712256,0.09192023190421718,0.35206764032096427,23.461485227959653,1.3759751870726182e-16
20.0,70,6.663914126044088,0.9327925094824271,0.9908742303172469,0.8642149913279823,0.09167353162693076,0.3509439471938825,23.3985180792549,1.3843972827851875e-16
20.0,71,6.663914126044088,0.9301710852627363,0.9923717202307717,0.8907575780329665,0.09220975726201787,0.353162330272467,23.535382940840083,1.3698022487790912e-16
20.0,72,6.663914126044088,0.9336641602912347,0.9938130386437299,0.9067327498463496,0.09199880327662725,0.3521873378893219,23.481539584383167,1.3857633912810127e-16
20.0,73,6.663914126044088,0.9307034736184585,0.9922700252613129,0.8884507616424152,0.09203322427064133,0.3518000608669234,23.49032511098448,5.558329049429276e-16
20.0,74,6.663914126044088,0.9273253964486571,0.9902156646323665,0.8653678879621151,0.09348984894301739,0.35520101878148,23.86211027215817,2.804222316670861e-16
20.0,75,6.663914126044088,0.9347748312761063,0.9911413900357939,0.8641841770972515,0.09360761514134021,0.3581703621144895,23.892168615844493,5.564029615119322e-16
20.0,76,6.663914126044088,0.9297510859080023,0.9901395215886183,0.8596351482605316,0.09156938673428132,0.35065523534574766,23.37193640283997,0.0
20.0,77,6.663914126044088,0.9345392513695802,0.9922294307868893,0.8812942201901441,0.09164243165206258,0.3507966897098685,23.390580201098537,1.3876274656312082e-16
20.0,78,6.663914126044088,0.9347989965458873,0.9933828110456728,0.8985109338235242,0.09150529874106629,0.3503729434575629,23.355578747131805,1.3725894483433924e-16
20.0,79,6.663914126044088,0.9312315962865393,0.9920924044297831,0.8850112094623304,0.09234898102044921,0.35342121811520777,23.570918057366136,4.1531831438783784e-16
20.0,80,6.663914126044088,0.9315491328007344,0.9904234215512939,0.8600955862132803,0.09272209513055121,0.3550037858585787,23.66615074989919,0.0
20.0,81,6.663914126044088,0.9305474912387589,0.9899685654566885,0.8555641153612352,0.09209150785446824,0.352705230411758,23.50520126406482,4.110105348607882e-16
20.0,82,6.663914126044088,0.9316346405924779,0.992704706545653,0.8932896203929804,0.09357581703275301,0.3551548101347957,23.884052547820726,0.0
20.0,83,6.663914126044088,0.9333113456716747,0.9928155439648166,0.8922686908658789,0.0920488907752745,0.350836873129692,23.494323789614967,2.702431173149107e-16
20.0,84,6.663914126044088,0.9302804977773502,0.9909005812763336,0.869485317112457,0.0924271762246948,0.35351418531273965,23.590876401588076,4.1589430106684085e-16
20.0,85,6.663914126044088,0.9298468729064149,0.991032336447336,0.8721701522912704,0.09186612123227433,0.3518549030119187,23.447674158251026,2.7404355126656634e-16
20.0,86,6.663914126044088,0.9283497753807651,0.992248213860717,0.8918107210343377,0.09288083905981415,0.35573072031436764,23.706668144973992,1.36695579098016e-16
20.0,87,6.663914126044088,0.9276063766706028,0.9923775219285336,0.8947078800465142,0.09233558997838572,0.3534072891606588,23.56750016199042,0.0
20.0,88,6.663914126044088,0.9334623763322604,0.9917882408210591,0.8765847241562631,0.09149424722327186,0.35028402200895203,23.352757985955414,1.3847284880407438e-16
20.0,89,6.663914126044088,0.930461243088893,0.9908431651670444,0.8683204123901579,0.0937430486545289,0.35881055380240084,23.926736319855063,1.3823525342286953e-16
20.0,90,6.663914126044088,0.9278362495872403,0.9886077739979254,0.8421336760227438,0.09262736343961449,0.3535313017416474,23.64197167504821,2.6939727155791006e-16
20.0,91,6.663914126044088,0.9349117971952896,0.9924240542192263,0.8836049321640587,0.09173775436394907,0.3493407643272086,23.414910126627273,0.0
20.0,92,6.663914126044088,0.9265699366536907,0.9915307335614025,0.8846621390117162,0.09276059937978617,0.35513390866484157,23.67597847613449,1.3591779975387266e-16
20.0,93,6.663914126044088,0.9304127187750693,0.9914184301550856,0.8766790468911146,0.09280278788450527,0.35496455930993553,23.68674656233001,4.076560550364132e-16
20.0,94,6.663914126044088,0.9336483111359762,0.991508132582922,0.8720173131616819,0.0917094469382697,0.35116845570829625,23.40768501159373,0.0
20.0,95,6.663914126044088,0.9351120842814532,0.9924315658115869,0.883361422468223,0.09288211594143454,0.3552478692080807,23.706994052977638,2.730849878186835e-16
20.0,96,6.663914126044088,0.9322045998534203,0.9890184549152725,0.8380193189953234,0.09203013868413712,0.3524882260832321,23.4895375537657,2.7510681447527436e-16
20.0,97,6.663914126044088,0.9348727614835473,0.9925008494369578,0.8848538532591455,0.09248957546098376,0.35130901358482697,23.6068030232915,0.0
20.0,98,6.663914126044088,0.9312006999547715,0.9908592340318003,0.8671386778326141,0.0921965902942362,0.35311534231058384,23.532022237611784,0.0
20.0,99,6.663914126044088,0.9311408720579215,0.9913485117755324,0.8743596022339277,0.09222843797347292,0.3531145626154905,23.54015095792154,4.09918487463686e-16
10.0,0,21.073146770069712,0.9190185638348293,0.9807198120695109,0.7619184242279295,0.10271593164427392,0.38985507919844725,26.21695205751199,0.0
10.0,1,21.073146770069712,0.9401349214218644,0.9886628252148366,0.8106212327047025,0.10180938611513468,0.383768820926517,25.985567691961922,2.6728254272861535e-16
10.0,2,21.073146770069712,0.9226773137732388,0.9848091504647849,0.803539552536168,0.10752148799969855,0.41104493779098933,27.4435099883319,1.3799171062960417e-16
10.0,3,21.073146770069712,0.9234767174733969,0.9876106684293732,0.8380972279081249,0.10524343451268847,0.40131469573071826,26.862065434431287,2.781235484953676e-16
10.0,4,21.073146770069712,0.9281881010627242,0.9897544545837758,0.857328025468685,0.1016265419157296,0.3891979233360892,25.938899005487862,0.0
10.0,5,21.073146770069712,0.9197967577925054,0.9896919819642119,0.8714762925777967,0.10332031586005883,0.39483675079390035,26.37121354115822,5.350143000004728e-16
10.0,6,21.073146770069712,0.9261473015645804,0.983285026810106,0.7736714630067246,0.09556909136946296,0.359346972400847,24.39281079872159,2.6322604969012923e-16
10.0,7,21.073146770069712,0.9325386611700106,0.9890292523226945,0.8373772612940089,0.10947646109792702,0.4192769908650004,27.942492328943704,2.7591980809822383e-16
10.0,8,21.073146770069712,0.9283906338035773,0.9922554453526641,0.8918499763551505,0.10285163241970448,0.3924308209448999,26.251587976854584,0.0
10.0,9,21.073146770069712,0.9334917914981957,0.9842506109236372,0.7631963116863154,0.10497671440702744,0.3796067691008444,26.79398847586261,0.0
10.0,10,21.073146770069712,0.9162300979455085,0.9860524125819817,0.8335012089551501,0.10688032177671794,0.4078079031751155,27.279860359109886,5.303458485272742e-16
10.0,11,21.073146770069712,0.9292200225522558,0.9922278913177435,0.8901933998496311,0.11506973654256654,0.4380700934709952,29.370105668268824,0.0
10.0,12,21.073146770069712,0.9209712770691172,0.9843690631180532,0.8022119515253047,0.10395249562884065,0.3900316581975418,26.532569490761837,3.904917241548506e-16
10.0,13,21.073146770069712,0.9231242678292644,0.9877004036422917,0.8400067744344647,0.09572696098379502,0.36644391432908585,24.433105035886427,2.7416232517178396e-16
10.0,14,21.073146770069712,0.9314062123113863,0.9889563114234488,0.8389987060244486,0.11233103191246387,0.4027946762696967,28.671085693103265,1.26812333507051e-16
10.0,15,21.073146770069712,0.9190096525736153,0.9833960101590664,0.7949880403214019,0.10148104135381067,0.388254478057234,25.901761813670525,4.1076907363446544e-16
10.0,16,21.073146770069712,0.9231439331871159,0.9900250015188579,0.8702119573015933,0.10727326323818433,0.41005735345450683,27.38015373416635,2.762075083263413e-16
10.0,17,21.073146770069712,0.9244529999786053,0.9812254627172877,0.7514853365799403,0.10445203746346474,0.39452557071801575,26.66007127280687,0.0
10.0,18,21.073146770069712,0.9091528870263447,0.9881332437414405,0.8693766277195766,0.1122648807485225,0.4211273017578112,28.654201438968233,0.0
10.0,19,21.073146770069712,0.9094698612632551,0.9861846555034589,0.847395080916478,0.10599123192418247,0.40408560581129827,27.05293133587455,0.0
10.0,20,21.073146770069712,0.9218221058090978,0.9899962828798764,0.8720390562619204,0.11541006188141903,0.4410148999739653,29.456969438570326,1.3380035778566045e-16
10.0,21,21.073146770069712,0.9190517911306118,0.9867302675592483,0.8360713272586099,0.10368982808093523,0.39260513084364373,26.465526896684516,1.3128725664530536e-16
10.0,22,21.073146770069712,0.9405207568595556,0.9867973789919546,0.778029774574114,0.11100721081391247,0.42180745758149985,28.333196976933696,4.044596834872483e-16
10.0,23,21.073146770069712,0.9248516757285382,0.9876939763083534,0.8362435382165958,0.09372077488443072,0.35850132266281864,23.921051219662168,5.40383470305801e-16
10.0,24,21.073146770069712,0.9377332155952185,0.9864216685434692,0.7819329906574035,0.11025119400998022,0.4220979173946676,28.140233178756727,1.3925777005822223e-16
10.0,25,21.073146770069712,0.9287085001349581,0.9886039475044739,0.840148509750821,0.10791075209895591,0.3868180736651741,27.542864762850076,0.0
10.0,26,21.073146770069712,0.9352121668129783,0.9912517436897029,0.8649706915642071,0.10443043115369034,0.39606074447820216,26.65455653348234,1.338813625948138e-16
10.0,27,21.073146770069712,0.918483820576366,0.9877193872169951,0.8493475421709417,0.10414136311146302,0.39351195194779987,26.580775544660877,1.3083626626300364e-16
10.0,28,21.073146770069712,0.9219145919196343,0.9880559468161453,0.8470386019938361,0.09810670998655764,0.3734686647794684,25.040506093498482,0.0
10.0,29,21.073146770069712,0.9400778855284153,0.9926387741332193,0.8771534360612167,0.11560252626350971,0.4400844793684742,29.50609355590321,4.2721731664785535e-16
10.0,30,21.073146770069712,0.9255751263664094,0.9909803421000296,0.8788085560698946,0.10329806898825791,0.38450524952534443,26.365535306418025,1.299034978871801e-16
10.0,31,21.073146770069712,0.9267811649923836,0.9885070531027329,0.8430329177448488,0.10937222108282052,0.3998046515814435,27.91588637371579,4.3936861081069444e-16
10.0,32,21.073146770069712,0.9183167589247578,0.9904261919916426,0.8827934851466226,0.11178168088350002,0.42316400059013676,28.530870739507087,4.2109441324165813e-16
10.0,33,21.073146770069712,0.9401777763822913,0.9878072550569778,0.796183688842137,0.10479088375706883,0.4011338176676625,26.746557535376628,0.0
10.0,34,21.073146770069712,0.9350917269644218,0.9869712210828119,0.7992739860749875,0.10249136556937222,0.3828323399986081,26.159634386093398,3.950495005010929e-16
10.0,35,21.073146770069712,0.9330883211846239,0.9892724119942401,0.8396754020272069,0.11005149290500753,0.42124960275080875,28.089261978757946,4.162848675524892e-16
10.0,36,21.073146770069712,0.9245771822540115,0.9931730770276975,0.909484647003053,0.10504701137112878,0.38514332654576466,26.811930893442156,2.9080034724742e-16
10.0,37,21.073146770069712,0.9353665020130665,0.9896009461151164,0.8391073636926514,0.10842902863682617,0.4104984889076101,27.675148342703437,1.4280380737753073e-16
10.0,38,21.073146770069712,0.9314846662041929,0.9884098249808964,0.8308382317213062,0.10200755982948195,0.38826961953344247,26.036149044678407,0.0
10.0,39,21.073146770069712,0.9365090586121602,0.9947059183651602,0.9166167406071337,0.11195919710878163,0.4206506436006053,28.576179527473453,1.3212919352506954e-16
10.0,40,21.073146770069712,0.9216726782223541,0.9884709307019134,0.8528090960289055,0.1074715803780169,0.40645937768049667,27.4307716944374,1.408749832513811e-16
10.0,41,21.073146770069712,0.9302882342703732,0.9881946017584697,0.8306541497267929,0.10261909886349267,0.38239484141681385,26.19223670585526,2.8847221660096493e-16
10.0,42,21.073146770069712,0.9255318496906704,0.989749010841865,0.8623439804056651,0.10071446948581914,0.3839836372357765,25.706103967900578,1.392961038687287e-16
10.0,43,21.073146770069712,0.9191855632271178,0.9858201738847427,0.8245384527629942,0.1027170256877504,0.3821533686059006,26.21723129837475,1.4272052227201112e-16
10.0,44,21.073146770069712,0.9248863861562313,0.9926296649974916,0.9018775076134895,0.1060283083810289,0.4051834140476969,27.062394636027168,2.7694952659747196e-16
10.0,45,21.073146770069712,0.9262508845745008,0.9853082975406505,0.8007880857338421,0.1065247550790564,0.3937333355298244,27.189106423312236,1.2906110094816355e-16
10.0,46,21.073146770069712,0.9278942345184484,0.9917215445119607,0.8851901032774223,0.0997600977655062,0.3754165212284493,25.462512567462905,2.635219073898921e-16
10.0,47,21.073146770069712,0.9222423624334942,0.9888199247280823,0.8562189436072363,0.10667573356333697,0.40737842893616566,27.227641786042604,6.91914183750915e-16
10.0,48,21.073146770069712,0.9249747425329623,0.9890332283053719,0.8538256040048082,0.10301091879138681,0.3935974336199936,26.29224382354712,2.6890434546375624e-16
10.0,49,21.073146770069712,0.9132140595245151,0.9880735188065736,0.8625758835119682,0.11673027581692885,0.4257818543852824,29.793937471657813,4.35693592492859e-16
10.0,50,21.073146770069712,0.9374346860018329,0.9893668547177019,0.8300472801493572,0.10813981064649202,0.4051663137951838,27.60132908151014,2.6414388874651257e-16
10.0,51,21.073146770069712,0.9356761397495112,0.9876507461390651,0.808014416223705,0.10890146244424632,0.41663560397929816,27.795731141118544,0.0
10.0,52,21.073146770069712,0.92654167719416,0.9880946642362535,0.83793074346097,0.10271976198319395,0.3928883237705168,26.217929703435303,1.3516476139458323e-16
10.0,53,21.073146770069712,0.9235756558412705,0.991319734613638,0.8864201520874879,0.10356546774177704,0.3963732182013608,26.433785481332734,2.7023528747341035e-16
10.0,54,21.073146770069712,0.9251309280856486,0.9858739955914947,0.8113239012143056,0.1015680106373027,0.3888777875036158,25.923959631470424,1.372515905154858e-16
10.0,55,21.073146770069712,0.9372952329361636,0.991473348908751,0.8640190931166587,0.10090676241084034,0.3774263484945673,25.755184322968958,0.0
10.0,56,21.073146770069712,0.9241411877609215,0.9875500699163423,0.8358802396691883,0.09990027717647881,0.3823563809606813,25.498291602302864,4.122107983092947e-16
10.0,57,21.073146770069712,0.9182652540378227,0.987446799322306,0.8464153704777763,0.10167626009247369,0.3863968933949268,25.95158894594034,1.3908750827144556e-16
10.0,58,21.073146770069712,0.9284141333922545,0.9932231150302943,0.9053320817244591,0.09813713577069393,0.37128344188819673,25.048271892934306,5.30863575924676e-16
10.0,59,21.073146770069712,0.9291211593591728,0.9911351659087494,0.8749297532084007,0.10000280875648565,0.3709501539423646,25.524461500919266,1.4441818962772805e-16
10.0,60,21.073146770069712,0.9395135165655437,0.992803966728881,0.8810307218650503,0.10914842507734483,0.4026033679338916,27.858765252850734,1.305220393400599e-16
10.0,61,21.073146770069712,0.9168552427409719,0.9865466366172145,0.8381934853586377,0.09998916047482537,0.3752247585937658,25.52097794836586,1.4103783586463175e-16
10.0,62,21.073146770069712,0.9318792951305553,0.9923552770371818,0.8877768076905618,0.09820188056648856,0.37447545214708183,25.064797189255422,2.8024700897503136e-16
10.0,63,21.073146770069712,0.9325744912525599,0.9841992855219373,0.7656567258951134,0.1078626393843877,0.3983491060989469,27.530584596463033,0.0
10.0,64,21.073146770069712,0.9333339879928152,0.9874817607637473,0.8122245675216984,0.0997658698047049,0.3758693878415332,25.463985808006253,1.3269605971019256e-16
10.0,65,21.073146770069712,0.9240911750056578,0.9867550400737993,0.8255148867448824,0.10328080309832591,0.39512074118662205,26.36112840476867,0.0
10.0,66,21.073146770069712,0.9237021143440738,0.986065820443129,0.8173713539100033,0.1011548986442941,0.3867793045507232,25.81851798145845,2.692238444871261e-16
10.0,67,21.073146770069712,0.9302579300963052,0.9889913746564941,0.8421522997710366,0.10555935197186414,0.3961439880133358,26.942699399861525,2.868626896656089e-16
10.0,68,21.073146770069712,0.9042260383246369,0.9859429973535381,0.853227303114914,0.11484801807238373,0.43481485411971216,29.31351481220593,2.7665147347016067e-16
10.0,69,21.073146770069712,0.9309143014913205,0.9861050689646121,0.7988739878827144,0.09714345654739591,0.3665034971669765,24.79464774582565,1.3268161192399006e-16
10.0,70,21.073146770069712,0.9284101386727998,0.9866531721093956,0.813565389802854,0.10377148784066291,0.3974439790198391,26.486369525199272,0.0
10.0,71,21.073146770069712,0.925622703817347,0.9879624555988147,0.838155660140912,0.10619641219094035,0.40661297825311654,27.105301023133663,6.78875534115678e-16
10.0,72,21.073146770069712,0.9280262720313214,0.9898362335460261,0.8587850492002197,0.09993626262922081,0.3801147191597751,25.50747643735427,2.67251378433732e-16
10.0,73,21.073146770069712,0.9297383996318256,0.9842961881286261,0.7764951013201369,0.09814958525956283,0.374915493150889,25.051449468677347,1.3512953933101516e-16
10.0,74,21.073146770069712,0.9247130896848184,0.9890101486415452,0.8540270637691618,0.1002251057819567,0.38093341696194516,25.581200025956313,5.599180331578162e-16
10.0,75,21.073146770069712,0.9314907700853553,0.9908964084546384,0.8671187582066862,0.11191349476712488,0.4133558846992018,28.56451457851227,2.5869873650028626e-16
10.0,76,21.073146770069712,0.9293051287752914,0.9895987850173252,0.8528717175307696,0.09826831192635987,0.3763110952064858,25.081752959884007,0.0
10.0,77,21.073146770069712,0.9214150398191833,0.9876895100277121,0.8433480153968068,0.10688421973099856,0.40260643956309794,27.28085526300514,2.830916598210137e-16
10.0,78,21.073146770069712,0.927026757096852,0.9862655632048263,0.8117880438258386,0.09849432903885019,0.3728320170383814,25.139440990430792,2.822200675461204e-16
10.0,79,21.073146770069712,0.9266220480103355,0.9832488060285944,0.7717135254229383,0.10430424485828241,0.3994793776372225,26.622349065720837,1.3699369453486765e-16
10.0,80,21.073146770069712,0.9235703275730691,0.9876462523177404,0.8383645083122621,0.10788237292233892,0.4131734257571332,27.535621334290465,2.7173265581026206e-16
10.0,81,21.073146770069712,0.9265804084424895,0.9855584268867321,0.8033008246585577,0.0962695034956324,0.3682565503979074,24.571582200960123,1.380712795105527e-16
10.0,82,21.073146770069712,0.923124159007139,0.9827819981034802,0.7760284417816156,0.11290609066386276,0.4306029712892991,28.817862220116517,2.6656875495355935e-16
10.0,83,21.073146770069712,0.9173796361828183,0.9879610255040181,0.8542856271775662,0.10327938590743056,0.389788494537869,26.36076668458404,4.212044087036348e-16
10.0,84,21.073146770069712,0.9123982784452972,0.9823719686177487,0.7987707196913536,0.1116277516827472,0.4207588836971571,28.491582243440444,2.8058928038949516e-16
10.0,85,21.073146770069712,0.9365670413525293,0.9872065473705367,0.7983153726036479,0.10489731555576985,0.39959703783377115,26.773722915851426,4.2399694636087277e-16
10.0,86,21.073146770069712,0.9236874751048153,0.9822495995154776,0.7673985953301569,0.10732467048036021,0.3899057031580686,27.393274787365787,2.927741126003662e-16
10.0,87,21.073146770069712,0.9212581147700263,0.9892343111575299,0.8632787516957751,0.1075763626724285,0.4027097020518253,27.45751605965017,1.2971303988568253e-16
10.0,88,21.073146770069712,0.9353414784075554,0.9904078848534641,0.8516496370424789,0.10449605596087977,0.3969461654958503,26.671306441664328,1.3423433660781246e-16
10.0,89,21.073146770069712,0.9263745633598979,0.9860649805864904,0.8107309097312779,0.1012167638341003,0.38681487518518026,25.834308294501565,1.3858295849341316e-16
10.0,90,21.073146770069712,0.9279636073589949,0.9897244830312845,0.8573565861366255,0.11783968078355694,0.44068719119071836,30.07709916193175,1.2994615018243693e-16
10.0,91,21.073146770069712,0.9228999800485859,0.9840019266162903,0.7925023444378968,0.0981298636037321,0.37574227431566076,25.046415763612004,2.7095620219383945e-16
10.0,92,21.073146770069712,0.9226234357604848,0.9920978444091624,0.897874044053223,0.09933544233123967,0.38006625232811525,25.354124598986076,2.696450523285664e-16
10.0,93,21.073146770069712,0.9368873657137432,0.9915822161211999,0.8666228406721221,0.10268453092315288,0.3808497418936731,26.20893741765016,3.934491036688513e-16
10.0,94,21.073146770069712,0.9172926308165846,0.9870710298121229,0.8436781351465144,0.10172020995037503,0.38954884226482206,25.962806595423626,6.789602426135378e-16
10.0,95,21.073146770069712,0.9303661588128865,0.9890985431490852,0.8434459931397233,0.09985110306362247,0.38244284333968726,25.485740527327557,2.7462852326660646e-16
10.0,96,21.073146770069712,0.9300570710960143,0.9925286430341578,0.8931792379455735,0.09985652262312712,0.3816628434400703,25.487123801854025,2.7810844466542647e-16
10.0,97,21.073146770069712,0.9362948205460205,0.9909343436894655,0.8576935754951677,0.10399934831961366,0.39720406818916576,26.544528051893476,0.0
10.0,98,21.073146770069712,0.9117103220125259,0.9862330954726864,0.844071188828364,0.11276193542062211,0.41576938837914673,28.781068404002706,1.4341872251582655e-16
10.0,99,21.073146770069712,0.9334856389020145,0.9894436744492354,0.841292536280795,0.10200577969115597,0.39068460876603756,26.035694686718532,5.517350746833419e-16
0.0,0,66.63914126044088,0.8620555820269343,0.9565056445722828,0.6846965171420737,0.24333731156181096,0.9313282637874892,62.10879392218897,0.0
0.0,1,66.63914126044088,0.8825888032044756,0.9671950028020151,0.7205973698137501,0.19325418292053054,0.7356815420812292,49.32570407955449,4.0841305233270406e-16
0.0,2,66.63914126044088,0.8472073636835032,0.9582044442021231,0.7264556931179522,0.17289994793258284,0.6598928865825369,44.13054112572555,5.1529003989368e-16
0.0,3,66.63914126044088,0.8495846685513518,0.9831723088241652,0.8881251597575349,0.20611008660726182,0.7818681347737622,52.607012102717555,3.547545859352396e-16
0.0,4,66.63914126044088,0.8242845758018844,0.9523437904426926,0.7287875565005842,0.2499312706873275,0.9185472021730636,63.79181920848589,8.488128571078614e-16
0.0,5,66.63914126044088,0.880230777899075,0.9743755511915506,0.7860514716639254,0.18237454763279476,0.6985196361848969,46.548813755183026,3.897909942433317e-16
0.0,6,66.63914126044088,0.8808009576099485,0.9572229984943921,0.6411296546692875,0.1813467792176106,0.6855369006624409,46.28648876980078,1.2242081156699077e-16
0.0,7,66.63914126044088,0.8540698395661218,0.966908739272479,0.773239057442723,0.26716439827616567,1.0000723350668057,68.19035868104048,7.869765292921997e-16
0.0,8,66.63914126044088,0.898642451255823,0.9772552062134724,0.7755984229262024,0.24336874912066364,0.9110735828148886,62.116817964419326,0.0
0.0,9,66.63914126044088,0.9115115054215267,0.9836958328514913,0.815748169000095,0.1775832195611813,0.6132768658199175,45.32588741518421,1.1537472663278098e-16
0.0,10,66.63914126044088,0.9437446041301105,0.974092112371437,0.5394595091200843,0.1463914409128273,0.5505856512681205,37.36457749644181,0.0
0.0,11,66.63914126044088,0.8671069288445857,0.9624261255279359,0.7172623512619217,0.22967557668078864,0.8515014413164339,58.62180760307914,2.8937048922032974e-16
0.0,12,66.63914126044088,0.8861259582429236,0.9570774556393535,0.6230699841829487,0.14345013379557495,0.5484545141358592,36.613845779900714,2.661371089941251e-16
0.0,13,66.63914126044088,0.8789255711244548,0.9642500152922028,0.7047272075547413,0.23508332075862282,0.768760052658557,60.00206639018597,2.0423989242214368e-16
0.0,14,66.63914126044088,0.8830441916968087,0.9542880377187681,0.609151841670572,0.2330372708438693,0.8848023808530231,59.47983783553351,0.0
0.0,15,66.63914126044088,0.8727793018548926,0.9631523364270809,0.7103642401734754,0.17257830857888956,0.6584626063333425,44.048446718552285,1.3287513616113624e-16
0.0,16,66.63914126044088,0.8873488708614657,0.9868071105183235,0.8828871971140875,0.2605874994711768,0.9956140016765421,66.51168782738316,2.7203188196618213e-16
0.0,17,66.63914126044088,0.8986195529680749,0.9760231285293466,0.7634960964109495,0.14704491624052976,0.5578553792244106,37.531368870115706,2.765848691470253e-16
0.0,18,66.63914126044088,0.8676423518558197,0.9602057822198502,0.6993432692548218,0.17613900946447245,0.6743956910583501,44.95727091859712,1.2674962859713957e-16
0.0,19,66.63914126044088,0.8906367713680783,0.9554309298224888,0.5924674981248501,0.1935678168918882,0.7118380797356205,49.40575521338607,1.1780652544806998e-16
0.0,20,66.63914126044088,0.8669261323878794,0.9586365407711155,0.6891691812140801,0.1736563544761602,0.6568609327201581,44.323604400054144,4.837956930081442e-16
0.0,21,66.63914126044088,0.8698105638470652,0.981977599491061,0.8615678733889895,0.23778426402008473,0.9082810220152886,60.691448250061796,4.951406038233439e-16
0.0,22,66.63914126044088,0.8821502044407005,0.9746219465711582,0.7846576372203207,0.17666544628525677,0.6646656249854632,45.0916373082202,2.4328834432561125e-16
0.0,23,66.63914126044088,0.880325878112207,0.9467733350807527,0.5552366369635621,0.15542935331219826,0.5515117706158749,39.671391174527265,0.0
0.0,24,66.63914126044088,0.8951336709909845,0.928233914629724,0.31564224619604914,0.18973366118087603,0.7204580931429687,48.427135102099314,1.255074325246553e-16
0.0,25,66.63914126044088,0.837146363746982,0.9370690527899559,0.6135735826477255,0.17430042992318323,0.5463454318988163,44.48799657219061,4.612321720137744e-16
0.0,26,66.63914126044088,0.8619436924868912,0.951482324486642,0.6485660352117478,0.2220969749452021,0.843407132575334,56.68746465175447,1.1985470559859954e-16
0.0,27,66.63914126044088,0.8779779278029524,0.9418751589599694,0.5236530572422379,0.13158870788496346,0.5004063550384967,33.58636572442904,2.676642603205109e-16
0.0,28,66.63914126044088,0.8494380365658966,0.9625597626776687,0.751330040679778,0.19363272096031675,0.6805632838353328,49.42232116204749,1.4795387045557872e-16
0.0,29,66.63914126044088,0.8806200779027973,0.9656525809747318,0.712284792770249,0.23873793676002425,0.9126741855326123,60.934861244534154,2.520947555049932e-16
0.0,30,66.63914126044088,0.8671281156354843,0.9488981799344529,0.6154053183639943,0.1801249345241289,0.6633796006347001,45.97462825081456,0.0
0.0,31,66.63914126044088,0.912702370619283,0.951755600483822,0.4473572781022787,0.21574022467746692,0.8261946525219577,55.06498394848881,1.35675347705586e-16
0.0,32,66.63914126044088,0.8325534116028547,0.9308131990260889,0.5868127166030064,0.18887964105355529,0.7162895599937383,48.20915718596009,2.596834567677005e-16
0.0,33,66.63914126044088,0.8421450359760881,0.9515966584744562,0.693368264819272,0.18055192298289646,0.6459409775174272,46.083611694506516,1.4264982515331329e-16
0.0,34,66.63914126044088,0.8697314163534121,0.9513151185053995,0.626273041958603,0.18102101453814165,0.6276800572625805,46.203341425012574,4.544058158002875e-16
0.0,35,66.63914126044088,0.8836180063116299,0.9668441840008307,0.7151121496685411,0.20522145228434419,0.7315750192160501,52.38019934769846,3.0650489272344175e-16
0.0,36,66.63914126044088,0.8604268591998117,0.9282198205284087,0.4857163845416981,0.2043414038860579,0.7134172715435038,52.15557804215391,1.522859091192815e-16
0.0,37,66.63914126044088,0.9115400271895592,0.9546891337055269,0.48778114151618673,0.1927631149250798,0.7372349385816933,49.200365138577965,0.0
0.0,38,66.63914126044088,0.8579119552749181,0.9325320293944125,0.5251678581676054,0.2114763130611599,0.7656260297236568,53.9766740375265,5.871945350590855e-16
0.0,39,66.63914126044088,0.8801163737302471,0.9524321925306112,0.6032168115906394,0.2524895191090996,0.9119080138834629,64.44478000192036,4.394602054848704e-16
0.0,40,66.63914126044088,0.867454626328098,0.9684634495918466,0.7620697763000176,0.17736374966877003,0.6652419891062179,45.26987048036887,1.3804950692579526e-16
0.0,41,66.63914126044088,0.8972122774676907,0.9795235256011746,0.8007887139206841,0.1980680418764339,0.7110028527109565,50.55438114491584,3.4580144734008917e-16
0.0,42,66.63914126044088,0.8251391268912404,0.961611560994133,0.7804629570733626,0.22215044253526592,0.8288008201592649,56.7011115828867,0.0
0.0,43,66.63914126044088,0.8973984941593872,0.9582485258641348,0.5930715266428506,0.15172598368948442,0.5805064995868722,38.72615257039153,0.0
0.0,44,66.63914126044088,0.8916979765511269,0.9461592334911146,0.5028646299087621,0.226671184491761,0.8515918649321691,57.85497421393672,3.608904725084723e-16
0.0,45,66.63914126044088,0.9077820508357606,0.975454563442417,0.7338323311238713,0.19614867453314758,0.7202298910224104,50.06448672625876,2.393508572253119e-16
0.0,46,66.63914126044088,0.8261311890729678,0.9486621566073677,0.7047323029420309,0.23423808666324236,0.8971442002358094,59.786330998399755,8.502357992647126e-16
0.0,47,66.63914126044088,0.915447822258814,0.9653857923545006,0.590617195556414,0.1886578381622251,0.6851236757788894,48.152544782459145,4.605662892670145e-16
0.0,48,66.63914126044088,0.8581992985275761,0.963661088542752,0.7437324986413071,0.20628270708210755,0.7448374546191299,52.65107131184638,0.0
0.0,49,66.63914126044088,0.8700818169728514,0.9699943640649713,0.7690420598881179,0.2250497949701387,0.8260984435839251,57.44113489344903,2.25662964572572e-16
0.0,50,66.63914126044088,0.8873905481732486,0.9604640541733809,0.6489109467698614,0.17807066665014398,0.6548498301030462,45.45030216523647,4.735259960817181e-16
0.0,51,66.63914126044088,0.8907140757140457,0.9518097582339227,0.5590443867228126,0.18809811134026527,0.6855721522359347,48.00968153795833,2.339310958756577e-16
0.0,52,66.63914126044088,0.8817539918359063,0.9571346261320192,0.6374898862674903,0.15315642996342857,0.5803524303195065,39.09125602400881,3.7278624333290215e-16
0.0,53,66.63914126044088,0.8779646497270392,0.9504182496600704,0.5937099354487995,0.22031572333042798,0.8371500810584596,56.23282253889677,3.6717601518491763e-16
0.0,54,66.63914126044088,0.868413655546332,0.9840954645644643,0.8791323256104596,0.19778159790026031,0.7558174348802852,50.48126991601208,0.0
0.0,55,66.63914126044088,0.8933661825207986,0.9733955901155228,0.7505068231317297,0.1423371775663059,0.5368242217111905,36.3297776744202,0.0
0.0,56,66.63914126044088,0.9005083770789285,0.9392505170129161,0.38940102489555745,0.1848991860070015,0.7080727107014393,47.193196005916604,1.3191690736582947e-16
0.0,57,66.63914126044088,0.8793874620627803,0.9635897026784411,0.6981217877986207,0.1706149536253953,0.6534383363489193,43.54732501460961,0.0
0.0,58,66.63914126044088,0.8742348937970051,0.9541934952484299,0.635777314276387,0.17354031481808227,0.6633019225660765,44.29398673409035,5.041041094037585e-16
0.0,59,66.63914126044088,0.9274735714196867,0.9761716106373276,0.67145232670204,0.22737631988794946,0.8708462162286879,58.03495117155172,1.362202025500441e-16
0.0,60,66.63914126044088,0.8680494491942263,0.9734057266770317,0.7984527297493887,0.21512142592366792,0.8166441111736507,54.90704333497443,1.2079386780528432e-16
0.0,61,66.63914126044088,0.8826515421286716,0.9598276710586667,0.6576663241251784,0.18533938260529684,0.7091660775658835,47.305550661408176,2.5599554435412845e-16
0.0,62,66.63914126044088,0.8990708684482563,0.95556680001484,0.5597584235391905,0.12016887028364935,0.45514610276102263,30.671595541210678,1.2784999315862724e-16
0.0,63,66.63914126044088,0.8842799367220496,0.9557509920842412,0.6176202582133369,0.20522885149335546,0.7783399976535359,52.382087902909,1.2302545385070786e-16
0.0,64,66.63914126044088,0.899192699697428,0.9625571800606112,0.6285703532680216,0.1795600631082664,0.6490260694357424,45.830451913305275,1.5060898319491655e-16
0.0,65,66.63914126044088,0.8770079469426096,0.9646624901636116,0.7126846088185943,0.14021478259252124,0.5161974912099827,35.78806300188508,1.1959503389713182e-16
0.0,66,66.63914126044088,0.8723392652558644,0.9823142172705931,0.8614626277621408,0.1643992184814754,0.6220829806475321,41.960836651395454,2.7149403040845755e-16
0.0,67,66.63914126044088,0.8817076403392796,0.9794257540666877,0.8260729095917761,0.2151376635735708,0.8149383534605401,54.911187791264865,1.2189446958305398e-16
0.0,68,66.63914126044088,0.8612777829148079,0.9578667985090772,0.6962764697954029,0.18015523063060604,0.6478785363807217,45.98236095165587,5.803596312445388e-16
0.0,69,66.63914126044088,0.8995054305559274,0.9481767239665669,0.48431764701202357,0.14459461697816123,0.5465791951974637,36.90596074442644,2.786748781972144e-16
0.0,70,66.63914126044088,0.8655494059740364,0.9451854221735152,0.5923069122632539,0.2059499398758786,0.7751204689070962,52.56613666001232,2.3628739691985174e-16
0.0,71,66.63914126044088,0.873930170946361,0.9358570879259007,0.4912112393933024,0.21198584257978412,0.8078117259518063,54.10672505052728,1.2340253847590747e-16
0.0,72,66.63914126044088,0.8498977493531522,0.9155127551472901,0.4371353894520428,0.14054258921435375,0.5342927658975967,35.87173152682706,2.420877809402352e-16
0.0,73,66.63914126044088,0.8507252797139955,0.9332838954026661,0.553064949848786,0.17899573266588,0.6716857304045798,45.68641365248439,2.7072828800399675e-16
0.0,74,66.63914126044088,0.8744767407036563,0.9663707557732283,0.7320875476362712,0.18331985584340274,0.6872815885031452,46.79009180855172,4.78113709529703e-16
0.0,75,66.63914126044088,0.8656670078384074,0.9673073768037197,0.7566299784571648,0.22237858200415178,0.7979899709900912,56.75934131825942,2.1874476911152259e-16
0.0,76,66.63914126044088,0.9136530056656162,0.9563376504388765,0.4943385129071396,0.15019285034619234,0.5594954653579093,38.33483953145556,6.276602951128398e-16
0.0,77,66.63914126044088,0.8674004298416383,0.920246998784779,0.3985425358470388,0.16840697202830024,0.598875507130628,42.98376543092805,1.4630229357538148e-16
0.0,78,66.63914126044088,0.8639150247407065,0.9383438614175298,0.54692912670931,0.21962385883790897,0.8392896014211851,56.05623281284062,5.257170389387747e-16
0.0,79,66.63914126044088,0.8934752423407617,0.9680798654768553,0.7003500855148237,0.19916731544305943,0.7214327057602178,50.83495692252859,2.3151626855259426e-16
0.0,80,66.63914126044088,0.8629406741265494,0.9318771455673095,0.5029681198374673,0.18126057254027378,0.6673051209364593,46.264485597648246,4.247662507057672e-16
0.0,81,66.63914126044088,0.8269147425626995,0.9510063360932314,0.7169391279640533,0.19385277822069327,0.73995389701822,49.47848801516214,3.7838099649821816e-16
0.0,82,66.63914126044088,0.8852195605534893,0.9546706716389609,0.6050779333166506,0.159646269280482,0.5543660129335898,40.74770603631448,0.0
0.0,83,66.63914126044088,0.824427184183717,0.9045607472312912,0.45641213120045265,0.17789272601745432,0.6078989538335027,45.40488505260721,1.4470193564685178e-16
0.0,84,66.63914126044088,0.899326825733887,0.9706992493345952,0.7089517552317047,0.1996942394808153,0.7405293731874394,50.969447668167135,4.797156145184153e-16
0.0,85,66.63914126044088,0.8992245447340621,0.9746238268263184,0.7481909349184666,0.15830232577559866,0.6039304227594066,40.40468132854515,5.154940634320008e-16
0.0,86,66.63914126044088,0.7908765167802293,0.9288885064601047,0.6599545280853839,0.2727116706094127,1.0422686334081293,69.60623030370525,3.633627099348368e-16
0.0,87,66.63914126044088,0.9209049358374957,0.9752342086454617,0.6868857542911141,0.20255593073361627,0.7467070669153163,51.69985843480372,1.527485136393558e-16
0.0,88,66.63914126044088,0.9085309729244522,0.9769065859314738,0.7475274985766244,0.16238616541619963,0.5849773261535215,41.44703012833011,1.507608759713711e-16
0.0,89,66.63914126044088,0.8498401249010814,0.9636401348241743,0.7578589809569732,0.21265181363898208,0.8143329205663347,54.27670580279414,7.457888671104465e-16
0.0,90,66.63914126044088,0.8989624223897723,0.9662110539669436,0.6655804025369283,0.16608149426216803,0.6361132512010307,42.390216425145404,3.9822881673413733e-16
0.0,91,66.63914126044088,0.8923212722400377,0.9632014556069021,0.6582561369490785,0.16360043309074682,0.6230382502283062,41.75695670835509,7.619921187662936e-16
0.0,92,66.63914126044088,0.8728090846073129,0.9755724993099067,0.8079461837767558,0.1497795229001396,0.5736564424311518,38.22934288975886,1.2841583688808265e-16
0.0,93,66.63914126044088,0.8556992297617977,0.9648868531605798,0.7566669479209436,0.2296361405880564,0.8441075840450302,58.61174203548951,0.0
0.0,94,66.63914126044088,0.8304604864161711,0.9412446966731576,0.6534418314360041,0.187432922830106,0.7091308705203362,47.839900521509506,5.210704224640442e-16
0.0,95,66.63914126044088,0.9011741670808504,0.9698536111798338,0.6949543663868808,0.16148524221943433,0.6089972292597047,41.21708079253578,0.0
0.0,96,66.63914126044088,0.896696546711065,0.9444544970750879,0.46230739480166316,0.20607017853807946,0.7854616620277325,52.59682606906423,2.537995048944221e-16
0.0,97,66.63914126044088,0.905744671308969,0.9590407450861927,0.56544361488493,0.15881200776069584,0.597846316952974,40.53477125669911,3.77584050134641e-16
0.0,98,66.63914126044088,0.8841825225882619,0.9651077259972267,0.6987304957547196,0.21654407611509455,0.8173431408076585,55.270156936401044,2.420645647326782e-16
0.0,99,66.63914126044088,0.7994506115853413,0.9473747242389282,0.7375944340839224,0.20736704076160933,0.7411183138819175,52.92783387082598,5.54013028188503e-16
